﻿N_prac,trials_3.thisRepN,trials_3.thisTrialN,trials_3.thisN,trials_3.thisIndex,trials.thisRepN,trials.thisTrialN,trials.thisN,trials.thisIndex,trials_2.thisRepN,trials_2.thisTrialN,trials_2.thisN,trials_2.thisIndex,trials_4.thisRepN,trials_4.thisTrialN,trials_4.thisN,trials_4.thisIndex,trials_8.thisRepN,trials_8.thisTrialN,trials_8.thisN,trials_8.thisIndex,key_resp_9.keys,key_resp_9.rt,key_resp_9.started,key_resp_9.stopped,text_6.started,text_6.stopped,image.started,image.stopped,key_resp_10.keys,key_resp_10.rt,key_resp_10.started,key_resp_10.stopped,key_resp_11.keys,key_resp_11.rt,key_resp_11.started,key_resp_11.stopped,image_2.started,image_2.stopped,image_3.started,image_3.stopped,key_resp_12.keys,key_resp_12.rt,key_resp_12.started,key_resp_12.stopped,text_8.started,text_8.stopped,key_resp_14.keys,key_resp_14.rt,key_resp_14.started,key_resp_14.stopped,text_2.started,text_2.stopped,fixation_start.started,fixation_start.stopped,trialCount,itemPresented,trialType,fixation_3.started,fixation_3.stopped,letter_0back.started,letter_0back.stopped,key_resp_5.keys,key_resp_5.corr,key_resp_5.rt,key_resp_5.started,key_resp_5.stopped,pracRep0,text_4.started,text_4.stopped,key_resp_7.keys,key_resp_7.rt,key_resp_7.started,key_resp_7.stopped,instructionsTxt.started,instructionsTxt.stopped,fixation.started,fixation.stopped,letter.started,letter.stopped,key_resp_2.keys,key_resp_2.corr,key_resp_2.rt,key_resp_2.started,key_resp_2.stopped,text_5.started,text_5.stopped,key_resp_8.keys,key_resp_8.rt,key_resp_8.started,key_resp_8.stopped,text.started,text.stopped,pracRepN1,pracRepN2,participant,counterbalance,session,stim site,date,expName,psychopyVersion,frameRate,
,,,,,,,,,,,,,,,,,,,,,space,7.378332266999905,25.139751091999983,None,,,,,,,,,,,,,,,,,,,,,,,,,,,,,,,,,,,,,,,,,,,,,,,,,,,,,,,,,,,,,,,,,,,,,,,DOAC,1,prac,vertex,2021_Sep_24_0817,nBack_prac,2021.1.4,59.88995819081343,
,,,,,,,,,,,,,,,,,,,,,,,,,25.139751091999983,None,32.54970867899999,None,space,1.7374358770000526,32.54970867899999,None,,,,,,,,,,,,,,,,,,,,,,,,,,,,,,,,,,,,,,,,,,,,,,,,,,,,,,,,,,,,,,,DOAC,1,prac,vertex,2021_Sep_24_0817,nBack_prac,2021.1.4,59.88995819081343,
,,,,,,,,,,,,,,,,,,,,,,,,,,,,,,,,,space,0.5791237890000502,34.318101602999945,None,,,,,,,,,,,,,,,,,,,,,,,,,,,,,,,,,,,,,,,,,,,,,,,,,,,,,,,,,,,DOAC,1,prac,vertex,2021_Sep_24_0817,nBack_prac,2021.1.4,59.88995819081343,
,,,,,,,,,,,,,,,,,,,,,,,,,,,,,,,,,,,,,34.318101602999945,None,34.93272630600006,None,space,0.5594260589998612,34.93272630600006,None,,,,,,,,,,,,,,,,,,,,,,,,,,,,,,,,,,,,,,,,,,,,,,,,,,,DOAC,1,prac,vertex,2021_Sep_24_0817,nBack_prac,2021.1.4,59.88995819081343,
,,,,,,,,,,,,,,,,,,,,,,,,,,,,,,,,,,,,,,,,,,,,,35.51089779100005,None,space,1.3791581099999348,35.51089779100005,None,,,,,,,,,,,,,,,,,,,,,,,,,,,,,,,,,,,,,,,,,,,,,DOAC,1,prac,vertex,2021_Sep_24_0817,nBack_prac,2021.1.4,59.88995819081343,
,0,0,0,0,0,0,0,0,,,,,,,,,,,,,,,,,,,,,,,,,,,,,,,,,,,,,,,,,,,36.913766710999994,None,38.294576180000035,None,0,G,0,40.779473533999976,42.780887647999975,40.300457338,40.81309420600007,left,1,0.5322233880001477,40.300457338,None,,,,,,,,,,,,,,,,,,,,,,,,,,,,,DOAC,1,prac,vertex,2021_Sep_24_0817,nBack_prac,2021.1.4,59.88995819081343,
,0,0,0,0,1,0,1,0,,,,,,,,,,,,,,,,,,,,,,,,,,,,,,,,,,,,,,,,,,,,,,,1,P,0,43.28104840799995,45.28188348499987,42.80068134600003,43.314335857999936,left,1,0.4130549799999699,42.80068134600003,None,,,,,,,,,,,,,,,,,,,,,,,,,,,,,DOAC,1,prac,vertex,2021_Sep_24_0817,nBack_prac,2021.1.4,59.88995819081343,
,0,0,0,0,2,0,2,0,,,,,,,,,,,,,,,,,,,,,,,,,,,,,,,,,,,,,,,,,,,,,,,2,X,1,45.78216899000006,47.78314654500002,45.301905290000036,45.81542651699999,right,1,0.3904841730000044,45.301905290000036,None,,,,,,,,,,,,,,,,,,,,,,,,,,,,,DOAC,1,prac,vertex,2021_Sep_24_0817,nBack_prac,2021.1.4,59.88995819081343,
,0,0,0,0,3,0,3,0,,,,,,,,,,,,,,,,,,,,,,,,,,,,,,,,,,,,,,,,,,,,,,,3,F,0,48.28311762300007,50.284323277,47.80271872700007,48.316757922999955,left,1,0.4515516049998496,47.80271872700007,None,,,,,,,,,,,,,,,,,,,,,,,,,,,,,DOAC,1,prac,vertex,2021_Sep_24_0817,nBack_prac,2021.1.4,59.88995819081343,
,0,0,0,0,4,0,4,0,,,,,,,,,,,,,,,,,,,,,,,,,,,,,,,,,,,,,,,,,,,,,,,4,X,1,50.78479415100003,52.7859081549999,50.31749687700005,50.81852035300005,right,1,0.4956086280001273,50.31749687700005,None,,,,,,,,,,,,,,,,,,,,,,,,,,,,,DOAC,1,prac,vertex,2021_Sep_24_0817,nBack_prac,2021.1.4,59.88995819081343,
,0,0,0,0,5,0,5,0,,,,,,,,,,,,,,,,,,,,,,,,,,,,,,,,,,,,,,,,,,,,,,,5,L,0,53.286127288999865,55.286990744000036,52.80570241499993,53.31938128199988,left,1,0.39227431499989507,52.80570241499993,None,,,,,,,,,,,,,,,,,,,,,,,,,,,,,DOAC,1,prac,vertex,2021_Sep_24_0817,nBack_prac,2021.1.4,59.88995819081343,
,0,0,0,0,6,0,6,0,,,,,,,,,,,,,,,,,,,,,,,,,,,,,,,,,,,,,,,,,,,,,,,6,P,0,55.78688957799989,57.788167013999896,55.30606691700007,55.82055703399999,left,1,0.5655702599999586,55.30606691700007,None,,,,,,,,,,,,,,,,,,,,,,,,,,,,,DOAC,1,prac,vertex,2021_Sep_24_0817,nBack_prac,2021.1.4,59.88995819081343,
,0,0,0,0,7,0,7,0,,,,,,,,,,,,,,,,,,,,,,,,,,,,,,,,,,,,,,,,,,,,,,,7,X,1,58.288470575999895,60.28939157599996,57.80731920400001,58.32170461599992,right,1,0.37633502399989993,57.80731920400001,None,,,,,,,,,,,,,,,,,,,,,,,,,,,,,DOAC,1,prac,vertex,2021_Sep_24_0817,nBack_prac,2021.1.4,59.88995819081343,
,0,0,0,0,8,0,8,0,,,,,,,,,,,,,,,,,,,,,,,,,,,,,,,,,,,,,,,,,,,,,,,8,F,0,60.7895204539999,62.790614764,60.30835999599992,60.82288428200002,left,1,0.36497589999999036,60.30835999599992,None,,,,,,,,,,,,,,,,,,,,,,,,,,,,,DOAC,1,prac,vertex,2021_Sep_24_0817,nBack_prac,2021.1.4,59.88995819081343,
,0,0,0,0,9,0,9,0,,,,,,,,,,,,,,,,,,,,,,,,,,,,,,,,,,,,,,,,,,,,,,,9,X,1,63.29089057099998,65.292041326,62.80922560800002,63.32399215099997,right,1,0.4101135560001694,62.80922560800002,None,,,,,,,,,,,,,,,,,,,,,,,,,,,,,DOAC,1,prac,vertex,2021_Sep_24_0817,nBack_prac,2021.1.4,59.88995819081343,
,0,0,0,0,10,0,10,0,,,,,,,,,,,,,,,,,,,,,,,,,,,,,,,,,,,,,,,,,,,,,,,10,C,0,65.79226676299993,67.792852208,65.32504823099987,65.82513422099998,left,1,0.4360079929999756,65.32504823099987,None,,,,,,,,,,,,,,,,,,,,,,,,,,,,,DOAC,1,prac,vertex,2021_Sep_24_0817,nBack_prac,2021.1.4,59.88995819081343,
,0,0,0,0,11,0,11,0,,,,,,,,,,,,,,,,,,,,,,,,,,,,,,,,,,,,,,,,,,,,,,,11,T,0,68.29331869500004,70.29429056499987,67.81256396099991,68.32640239499995,left,1,0.3634934570000041,67.81256396099991,None,,,,,,,,,,,,,,,,,,,,,,,,,,,,,DOAC,1,prac,vertex,2021_Sep_24_0817,nBack_prac,2021.1.4,59.88995819081343,
,0,0,0,0,12,0,12,0,,,,,,,,,,,,,,,,,,,,,,,,,,,,,,,,,,,,,,,,,,,,,,,12,X,1,70.79425690699998,72.79525941700001,70.31351267299999,70.82764221499986,right,1,0.47238428600007865,70.31351267299999,None,,,,,,,,,,,,,,,,,,,,,,,,,,,,,DOAC,1,prac,vertex,2021_Sep_24_0817,nBack_prac,2021.1.4,59.88995819081343,
,0,0,0,0,13,0,13,0,,,,,,,,,,,,,,,,,,,,,,,,,,,,,,,,,,,,,,,,,,,,,,,13,C,0,73.29525085500006,None,72.8151641149999,73.32852890499987,left,1,0.32556044399984785,72.8151641149999,None,,,,,,,,,,,,,,,,,,,,,,,,,,,,,DOAC,1,prac,vertex,2021_Sep_24_0817,nBack_prac,2021.1.4,59.88995819081343,
,0,0,0,0,14,0,14,0,,,,,,,,,,,,,,,,,,,,,,,,,,,,,,,,,,,,,,,,,,,,,,,14,D,0,75.78007781400004,77.78103606000002,75.31342547999986,75.81337118699992,left,1,0.7621681240000271,75.31342547999986,None,,,,,,,,,,,,,,,,,,,,,,,,,,,,,DOAC,1,prac,vertex,2021_Sep_24_0817,nBack_prac,2021.1.4,59.88995819081343,
,0,0,0,0,15,0,15,0,,,,,,,,,,,,,,,,,,,,,,,,,,,,,,,,,,,,,,,,,,,,,,,15,F,0,78.28139259199986,80.28221423399998,77.81437910500006,78.31475075700007,left,1,0.4419277780000357,77.81437910500006,None,,,,,,,,,,,,,,,,,,,,,,,,,,,,,DOAC,1,prac,vertex,2021_Sep_24_0817,nBack_prac,2021.1.4,59.88995819081343,
,0,0,0,0,16,0,16,0,,,,,,,,,,,,,,,,,,,,,,,,,,,,,,,,,,,,,,,,,,,,,,,16,L,0,80.7824587639999,82.78337012999998,80.315500456,80.81584278399998,left,1,0.42391491200010023,80.315500456,None,,,,,,,,,,,,,,,,,,,,,,,,,,,,,DOAC,1,prac,vertex,2021_Sep_24_0817,nBack_prac,2021.1.4,59.88995819081343,
,0,0,0,0,17,0,17,0,,,,,,,,,,,,,,,,,,,,,,,,,,,,,,,,,,,,,,,,,,,,,,,17,X,1,83.28338861600002,85.28462290899995,82.80206066199992,83.31718326399994,right,1,0.513140151999778,82.80206066199992,None,,,,,,,,,,,,,,,,,,,,,,,,,,,,,DOAC,1,prac,vertex,2021_Sep_24_0817,nBack_prac,2021.1.4,59.88995819081343,
,0,0,0,0,,,,,,,,,,,,,,,,,,,,,,,,,,,,,,,,,,,,,,,,,,,,,,,,,,,,,,,,,,,,,,,1,85.31794289399988,None,space,2.936557490000041,85.31794289399988,None,,,,,,,,,,,,,,,,,,,,,,DOAC,1,prac,vertex,2021_Sep_24_0817,nBack_prac,2021.1.4,59.88995819081343,
1,,,,,,,,,0,0,0,0,0,0,0,0,0,0,0,0,,,,,,,,,,,,,,,,,,,,,,,,,,,,,,,,,92.00321742099993,None,0,P,0,,,,,,,,,,,,,,,,,88.3364387339999,None,94.48843197100007,96.48944807300006,94.02162608099991,94.52176822299987,left,1,0.46722010000007685,94.02162608099991,None,,,,,,,,,,,DOAC,1,prac,vertex,2021_Sep_24_0817,nBack_prac,2021.1.4,59.88995819081343,
1,,,,,,,,,0,0,0,0,0,0,0,0,1,0,1,0,,,,,,,,,,,,,,,,,,,,,,,,,,,,,,,,,,,1,G,0,,,,,,,,,,,,,,,,,,,96.99009759600006,98.99083313299991,96.52292000499995,97.02322887799994,left,1,0.5789774729998953,96.52292000499995,None,,,,,,,,,,,DOAC,1,prac,vertex,2021_Sep_24_0817,nBack_prac,2021.1.4,59.88995819081343,
1,,,,,,,,,0,0,0,0,0,0,0,0,2,0,2,0,,,,,,,,,,,,,,,,,,,,,,,,,,,,,,,,,,,2,B,0,,,,,,,,,,,,,,,,,,,99.50782186200001,None,99.02449628500005,99.52442147,left,1,0.5303407420001349,99.02449628500005,None,,,,,,,,,,,DOAC,1,prac,vertex,2021_Sep_24_0817,nBack_prac,2021.1.4,59.88995819081343,
1,,,,,,,,,0,0,0,0,0,0,0,0,3,0,3,0,,,,,,,,,,,,,,,,,,,,,,,,,,,,,,,,,,,3,B,1,,,,,,,,,,,,,,,,,,,101.99233845399988,103.99330198199993,101.51136075700003,102.02563933199997,right,1,1.657950124000081,101.51136075700003,None,,,,,,,,,,,DOAC,1,prac,vertex,2021_Sep_24_0817,nBack_prac,2021.1.4,59.88995819081343,
1,,,,,,,,,0,0,0,0,0,0,0,0,4,0,4,0,,,,,,,,,,,,,,,,,,,,,,,,,,,,,,,,,,,4,C,0,,,,,,,,,,,,,,,,,,,104.49342782799988,106.49458443399988,104.02671179399988,104.52683352999986,left,1,0.4836261380000906,104.02671179399988,None,,,,,,,,,,,DOAC,1,prac,vertex,2021_Sep_24_0817,nBack_prac,2021.1.4,59.88995819081343,
1,,,,,,,,,0,0,0,0,0,0,0,0,5,0,5,0,,,,,,,,,,,,,,,,,,,,,,,,,,,,,,,,,,,5,T,0,,,,,,,,,,,,,,,,,,,106.99476579400005,108.99558658199987,106.52778369700002,107.02797784400002,left,1,0.3933464599999752,106.52778369700002,None,,,,,,,,,,,DOAC,1,prac,vertex,2021_Sep_24_0817,nBack_prac,2021.1.4,59.88995819081343,
1,,,,,,,,,0,0,0,0,0,0,0,0,6,0,6,0,,,,,,,,,,,,,,,,,,,,,,,,,,,,,,,,,,,6,N,0,,,,,,,,,,,,,,,,,,,109.4954229189999,111.49692267400007,109.02937711399989,109.52924229200005,left,1,0.44466699500003415,109.02937711399989,None,,,,,,,,,,,DOAC,1,prac,vertex,2021_Sep_24_0817,nBack_prac,2021.1.4,59.88995819081343,
1,,,,,,,,,0,0,0,0,0,0,0,0,7,0,7,0,,,,,,,,,,,,,,,,,,,,,,,,,,,,,,,,,,,7,N,1,,,,,,,,,,,,,,,,,,,111.99699194099992,113.99793954299992,111.51413339899989,112.01372823700001,right,1,0.3488441750000675,111.51413339899989,None,,,,,,,,,,,DOAC,1,prac,vertex,2021_Sep_24_0817,nBack_prac,2021.1.4,59.88995819081343,
1,,,,,,,,,0,0,0,0,0,0,0,0,8,0,8,0,,,,,,,,,,,,,,,,,,,,,,,,,,,,,,,,,,,8,L,0,,,,,,,,,,,,,,,,,,,114.498153677,116.499103666,114.01818395299995,114.53149331299994,left,1,0.4186502720001499,114.01818395299995,None,,,,,,,,,,,DOAC,1,prac,vertex,2021_Sep_24_0817,nBack_prac,2021.1.4,59.88995819081343,
1,,,,,,,,,0,0,0,0,0,0,0,0,9,0,9,0,,,,,,,,,,,,,,,,,,,,,,,,,,,,,,,,,,,9,L,1,,,,,,,,,,,,,,,,,,,116.99961178899991,119.00017716299988,116.51946617300007,117.03270640599987,right,1,0.5622517829999651,116.51946617300007,None,,,,,,,,,,,DOAC,1,prac,vertex,2021_Sep_24_0817,nBack_prac,2021.1.4,59.88995819081343,
1,,,,,,,,,0,0,0,0,0,0,0,0,10,0,10,0,,,,,,,,,,,,,,,,,,,,,,,,,,,,,,,,,,,10,B,0,,,,,,,,,,,,,,,,,,,119.50054211100007,121.50130821599998,119.01973665599996,119.53379837799991,left,1,0.41387198200004605,119.01973665599996,None,,,,,,,,,,,DOAC,1,prac,vertex,2021_Sep_24_0817,nBack_prac,2021.1.4,59.88995819081343,
1,,,,,,,,,0,0,0,0,0,0,0,0,11,0,11,0,,,,,,,,,,,,,,,,,,,,,,,,,,,,,,,,,,,11,T,0,,,,,,,,,,,,,,,,,,,122.00160905299992,124.00269970600004,121.52191682,122.03505071999996,left,1,0.39351700400015943,121.52191682,None,,,,,,,,,,,DOAC,1,prac,vertex,2021_Sep_24_0817,nBack_prac,2021.1.4,59.88995819081343,
1,,,,,,,,,0,0,0,0,0,0,0,0,12,0,12,0,,,,,,,,,,,,,,,,,,,,,,,,,,,,,,,,,,,12,T,1,,,,,,,,,,,,,,,,,,,124.50291663799987,126.50395861799996,124.02014884800008,124.51964932599992,right,1,0.7258449339999515,124.02014884800008,None,,,,,,,,,,,DOAC,1,prac,vertex,2021_Sep_24_0817,nBack_prac,2021.1.4,59.88995819081343,
1,,,,,,,,,0,0,0,0,0,0,0,0,13,0,13,0,,,,,,,,,,,,,,,,,,,,,,,,,,,,,,,,,,,13,P,0,,,,,,,,,,,,,,,,,,,127.00386888499986,129.0050254449999,126.53734149600007,127.03745575799996,left,1,0.44883812300008685,126.53734149600007,None,,,,,,,,,,,DOAC,1,prac,vertex,2021_Sep_24_0817,nBack_prac,2021.1.4,59.88995819081343,
1,,,,,,,,,0,0,0,0,0,0,0,0,14,0,14,0,,,,,,,,,,,,,,,,,,,,,,,,,,,,,,,,,,,14,P,1,,,,,,,,,,,,,,,,,,,129.50527968199992,None,129.02397471000006,129.53836547999992,right,1,0.5507027749999907,129.02397471000006,None,,,,,,,,,,,DOAC,1,prac,vertex,2021_Sep_24_0817,nBack_prac,2021.1.4,59.88995819081343,
1,,,,,,,,,0,0,0,0,0,0,0,0,15,0,15,0,,,,,,,,,,,,,,,,,,,,,,,,,,,,,,,,,,,15,L,0,,,,,,,,,,,,,,,,,,,131.989849145,133.99097902899996,131.50883470999986,132.02317816499988,left,1,0.3630408629999238,131.50883470999986,None,,,,,,,,,,,DOAC,1,prac,vertex,2021_Sep_24_0817,nBack_prac,2021.1.4,59.88995819081343,
1,,,,,,,,,0,0,0,0,0,0,0,0,16,0,16,0,,,,,,,,,,,,,,,,,,,,,,,,,,,,,,,,,,,16,L,1,,,,,,,,,,,,,,,,,,,134.49099291699997,136.49209315099995,134.00783994699998,134.50768391500003,right,1,0.6037154040000132,134.00783994699998,None,,,,,,,,,,,DOAC,1,prac,vertex,2021_Sep_24_0817,nBack_prac,2021.1.4,59.88995819081343,
1,,,,,,,,,0,0,0,0,0,0,0,0,17,0,17,0,,,,,,,,,,,,,,,,,,,,,,,,,,,,,,,,,,,17,F,0,,,,,,,,,,,,,,,,,,,136.99206424500005,138.99304942900005,136.52535581099994,137.025487235,left,1,0.39500869399989824,136.52535581099994,None,,,,,,,,,,,DOAC,1,prac,vertex,2021_Sep_24_0817,nBack_prac,2021.1.4,59.88995819081343,
1,,,,,,,,,0,0,0,0,0,0,0,0,,,,,,,,,,,,,,,,,,,,,,,,,,,,,,,,,,,,,,,,,,,,,,,,,,,,,,,,,,,,,,,,,,,,,139.02662709100002,None,space,2.3263627579999593,139.02662709100002,None,,,,,DOAC,1,prac,vertex,2021_Sep_24_0817,nBack_prac,2021.1.4,59.88995819081343,
1,,,,,,,,,0,0,0,0,,,,,,,,,,,,,,,,,,,,,,,,,,,,,,,,,,,,,,,,,,,,,,,,,,,,,,,,,,,,,,,,,,,,,,,,,,,,,,,,,,,DOAC,1,prac,vertex,2021_Sep_24_0817,nBack_prac,2021.1.4,59.88995819081343,
2,,,,,,,,,0,1,1,1,0,0,0,0,0,0,0,0,,,,,,,,,,,,,,,,,,,,,,,,,,,,,,,,,142.81108937099987,None,0,T,0,,,,,,,,,,,,,,,,,141.41103846399994,None,145.2960832959999,147.296979976,144.81387041899995,145.32976482900006,left,1,0.5119880380000268,144.81387041899995,None,,,,,,,,,,,DOAC,1,prac,vertex,2021_Sep_24_0817,nBack_prac,2021.1.4,59.88995819081343,
2,,,,,,,,,0,1,1,1,0,0,0,0,1,0,1,0,,,,,,,,,,,,,,,,,,,,,,,,,,,,,,,,,,,1,L,0,,,,,,,,,,,,,,,,,,,147.79716749800002,149.79813647599997,147.316292266,147.83056979600008,left,1,0.36513034599988714,147.316292266,None,,,,,,,,,,,DOAC,1,prac,vertex,2021_Sep_24_0817,nBack_prac,2021.1.4,59.88995819081343,
2,,,,,,,,,0,1,1,1,0,0,0,0,2,0,2,0,,,,,,,,,,,,,,,,,,,,,,,,,,,,,,,,,,,2,T,1,,,,,,,,,,,,,,,,,,,150.29827731800003,152.29924457799996,149.81652499299992,150.33177173,right,1,0.36889827799996056,149.81652499299992,None,,,,,,,,,,,DOAC,1,prac,vertex,2021_Sep_24_0817,nBack_prac,2021.1.4,59.88995819081343,
2,,,,,,,,,0,1,1,1,0,0,0,0,3,0,3,0,,,,,,,,,,,,,,,,,,,,,,,,,,,,,,,,,,,3,C,0,,,,,,,,,,,,,,,,,,,152.79942648500003,154.80047526300007,152.31893509100007,152.8328474829999,left,1,0.40521659400019416,152.31893509100007,None,,,,,,,,,,,DOAC,1,prac,vertex,2021_Sep_24_0817,nBack_prac,2021.1.4,59.88995819081343,
2,,,,,,,,,0,1,1,1,0,0,0,0,4,0,4,0,,,,,,,,,,,,,,,,,,,,,,,,,,,,,,,,,,,4,P,0,,,,,,,,,,,,,,,,,,,155.30037026999992,157.30150778299992,154.81952142299986,155.33421524699986,left,1,0.7994176490001337,154.81952142299986,None,,,,,,,,,,,DOAC,1,prac,vertex,2021_Sep_24_0817,nBack_prac,2021.1.4,59.88995819081343,
2,,,,,,,,,0,1,1,1,0,0,0,0,5,0,5,0,,,,,,,,,,,,,,,,,,,,,,,,,,,,,,,,,,,5,T,0,,,,,,,,,,,,,,,,,,,157.80170286700002,159.802776655,157.32068515899994,157.83554436299994,left,1,1.03926519200013,157.32068515899994,None,,,,,,,,,,,DOAC,1,prac,vertex,2021_Sep_24_0817,nBack_prac,2021.1.4,59.88995819081343,
2,,,,,,,,,0,1,1,1,0,0,0,0,6,0,6,0,,,,,,,,,,,,,,,,,,,,,,,,,,,,,,,,,,,6,N,0,,,,,,,,,,,,,,,,,,,160.3030097489999,162.30417161399998,159.821910152,160.33635016200003,left,1,0.5759387069999775,159.821910152,None,,,,,,,,,,,DOAC,1,prac,vertex,2021_Sep_24_0817,nBack_prac,2021.1.4,59.88995819081343,
2,,,,,,,,,0,1,1,1,0,0,0,0,7,0,7,0,,,,,,,,,,,,,,,,,,,,,,,,,,,,,,,,,,,7,T,1,,,,,,,,,,,,,,,,,,,162.8042949469999,164.80728374199987,162.322921007,162.83760055200003,right,1,0.35575379499982773,162.322921007,None,,,,,,,,,,,DOAC,1,prac,vertex,2021_Sep_24_0817,nBack_prac,2021.1.4,59.88995819081343,
2,,,,,,,,,0,1,1,1,0,0,0,0,8,0,8,0,,,,,,,,,,,,,,,,,,,,,,,,,,,,,,,,,,,8,G,0,,,,,,,,,,,,,,,,,,,165.3058984789999,167.30637501800004,164.838962594,165.33902385399995,left,1,0.4646995330001573,164.838962594,None,,,,,,,,,,,DOAC,1,prac,vertex,2021_Sep_24_0817,nBack_prac,2021.1.4,59.88995819081343,
2,,,,,,,,,0,1,1,1,0,0,0,0,9,0,9,0,,,,,,,,,,,,,,,,,,,,,,,,,,,,,,,,,,,9,T,1,,,,,,,,,,,,,,,,,,,167.8067820529999,169.8075179409999,167.32505508199995,167.83990260400003,right,1,0.4713464630001454,167.32505508199995,None,,,,,,,,,,,DOAC,1,prac,vertex,2021_Sep_24_0817,nBack_prac,2021.1.4,59.88995819081343,
2,,,,,,,,,0,1,1,1,0,0,0,0,10,0,10,0,,,,,,,,,,,,,,,,,,,,,,,,,,,,,,,,,,,10,B,0,,,,,,,,,,,,,,,,,,,170.30774410800007,172.3091286109999,169.8264570539999,170.34106049399986,left,1,0.444846009999992,169.8264570539999,None,,,,,,,,,,,DOAC,1,prac,vertex,2021_Sep_24_0817,nBack_prac,2021.1.4,59.88995819081343,
2,,,,,,,,,0,1,1,1,0,0,0,0,11,0,11,0,,,,,,,,,,,,,,,,,,,,,,,,,,,,,,,,,,,11,C,0,,,,,,,,,,,,,,,,,,,172.8093635209999,174.80995127099993,172.32684120300007,172.82533924799998,left,1,0.4803540359998806,172.32684120300007,None,,,,,,,,,,,DOAC,1,prac,vertex,2021_Sep_24_0817,nBack_prac,2021.1.4,59.88995819081343,
2,,,,,,,,,0,1,1,1,0,0,0,0,12,0,12,0,,,,,,,,,,,,,,,,,,,,,,,,,,,,,,,,,,,12,B,1,,,,,,,,,,,,,,,,,,,175.310548025,177.31102993499997,174.82853389800005,175.343746571,right,1,0.3474555430000237,174.82853389800005,None,,,,,,,,,,,DOAC,1,prac,vertex,2021_Sep_24_0817,nBack_prac,2021.1.4,59.88995819081343,
2,,,,,,,,,0,1,1,1,0,0,0,0,13,0,13,0,,,,,,,,,,,,,,,,,,,,,,,,,,,,,,,,,,,13,T,0,,,,,,,,,,,,,,,,,,,177.811333127,179.81244439099999,177.32973208500005,177.84464510099986,left,1,0.5720345659999566,177.32973208500005,None,,,,,,,,,,,DOAC,1,prac,vertex,2021_Sep_24_0817,nBack_prac,2021.1.4,59.88995819081343,
2,,,,,,,,,0,1,1,1,0,0,0,0,14,0,14,0,,,,,,,,,,,,,,,,,,,,,,,,,,,,,,,,,,,14,B,1,,,,,,,,,,,,,,,,,,,180.31243979099997,None,179.83050894699988,180.34582675700005,right,1,0.6990031129998897,179.83050894699988,None,,,,,,,,,,,DOAC,1,prac,vertex,2021_Sep_24_0817,nBack_prac,2021.1.4,59.88995819081343,
2,,,,,,,,,0,1,1,1,0,0,0,0,15,0,15,0,,,,,,,,,,,,,,,,,,,,,,,,,,,,,,,,,,,15,D,0,,,,,,,,,,,,,,,,,,,182.79697457999998,184.79804935000004,182.33014783700003,182.83043738699996,left,1,0.5841442280000138,182.33014783700003,None,,,,,,,,,,,DOAC,1,prac,vertex,2021_Sep_24_0817,nBack_prac,2021.1.4,59.88995819081343,
2,,,,,,,,,0,1,1,1,0,0,0,0,16,0,16,0,,,,,,,,,,,,,,,,,,,,,,,,,,,,,,,,,,,16,B,1,,,,,,,,,,,,,,,,,,,185.29818211400004,187.29931230399995,184.81675801199992,185.331843413,right,1,0.48757107400001587,184.81675801199992,None,,,,,,,,,,,DOAC,1,prac,vertex,2021_Sep_24_0817,nBack_prac,2021.1.4,59.88995819081343,
2,,,,,,,,,0,1,1,1,0,0,0,0,17,0,17,0,,,,,,,,,,,,,,,,,,,,,,,,,,,,,,,,,,,17,C,0,,,,,,,,,,,,,,,,,,,187.7993917,189.80006514900003,187.31784351399995,187.83265445199993,left,1,0.4231812099999388,187.31784351399995,None,,,,,,,,,,,DOAC,1,prac,vertex,2021_Sep_24_0817,nBack_prac,2021.1.4,59.88995819081343,
2,,,,,,,,,0,1,1,1,0,0,0,0,,,,,,,,,,,,,,,,,,,,,,,,,,,,,,,,,,,,,,,,,,,,,,,,,,,,,,,,,,,,,,,,,,,,,189.81701202600004,None,space,3.5609119389998796,189.81701202600004,None,,,,,DOAC,1,prac,vertex,2021_Sep_24_0817,nBack_prac,2021.1.4,59.88995819081343,
2,,,,,,,,,0,1,1,1,,,,,,,,,,,,,,,,,,,,,,,,,,,,,,,,,,,,,,,,,,,,,,,,,,,,,,,,,,,,,,,,,,,,,,,,,,,,,,,,,,,DOAC,1,prac,vertex,2021_Sep_24_0817,nBack_prac,2021.1.4,59.88995819081343,
,,,,,,,,,,,,,,,,,,,,,,,,,,,,,,,,,,,,,,,,,,,,,,,,,,,,,,,,,,,,,,,,,,,1,,,,,,,,,,,,,,,,,,,,,,,,193.40227344699986,None,1,1,,,,,,,,,
