﻿N_prac,trials_3.thisRepN,trials_3.thisTrialN,trials_3.thisN,trials_3.thisIndex,trials.thisRepN,trials.thisTrialN,trials.thisN,trials.thisIndex,trials_2.thisRepN,trials_2.thisTrialN,trials_2.thisN,trials_2.thisIndex,trials_4.thisRepN,trials_4.thisTrialN,trials_4.thisN,trials_4.thisIndex,trials_8.thisRepN,trials_8.thisTrialN,trials_8.thisN,trials_8.thisIndex,key_resp_9.keys,key_resp_9.rt,key_resp_9.started,key_resp_9.stopped,text_6.started,text_6.stopped,image.started,image.stopped,key_resp_10.keys,key_resp_10.rt,key_resp_10.started,key_resp_10.stopped,key_resp_11.keys,key_resp_11.rt,key_resp_11.started,key_resp_11.stopped,image_2.started,image_2.stopped,image_3.started,image_3.stopped,key_resp_12.keys,key_resp_12.rt,key_resp_12.started,key_resp_12.stopped,text_8.started,text_8.stopped,key_resp_14.keys,key_resp_14.rt,key_resp_14.started,key_resp_14.stopped,text_2.started,text_2.stopped,fixation_start.started,fixation_start.stopped,trialCount,itemPresented,trialType,fixation_3.started,fixation_3.stopped,letter_0back.started,letter_0back.stopped,key_resp_5.keys,key_resp_5.corr,key_resp_5.rt,key_resp_5.started,key_resp_5.stopped,pracRep0,text_4.started,text_4.stopped,key_resp_7.keys,key_resp_7.rt,key_resp_7.started,key_resp_7.stopped,instructionsTxt.started,instructionsTxt.stopped,fixation.started,fixation.stopped,letter.started,letter.stopped,key_resp_2.keys,key_resp_2.corr,key_resp_2.rt,key_resp_2.started,key_resp_2.stopped,text_5.started,text_5.stopped,key_resp_8.keys,key_resp_8.rt,key_resp_8.started,key_resp_8.stopped,text.started,text.stopped,pracRepN1,pracRepN2,participant,counterbalance,session (Prac, Pre, Post),stim site,date,expName,psychopyVersion,frameRate,
,,,,,,,,,,,,,,,,,,,,,space,19.779587777000074,19.00628055599998,None,,,,,,,,,,,,,,,,,,,,,,,,,,,,,,,,,,,,,,,,,,,,,,,,,,,,,,,,,,,,,,,,,,,,,,,P_ZHD,3,Prac,FPCN_B,2021_Aug_10_0947,nBack_prac,2021.1.4,60.00782694088988,
,,,,,,,,,,,,,,,,,,,,,,,,,19.00628055599998,None,38.82207302500001,None,space,18.451895966000052,38.82207302500001,None,,,,,,,,,,,,,,,,,,,,,,,,,,,,,,,,,,,,,,,,,,,,,,,,,,,,,,,,,,,,,,,P_ZHD,3,Prac,FPCN_B,2021_Aug_10_0947,nBack_prac,2021.1.4,60.00782694088988,
,,,,,,,,,,,,,,,,,,,,,,,,,,,,,,,,,space,19.48458395800003,57.314882324999985,None,,,,,,,,,,,,,,,,,,,,,,,,,,,,,,,,,,,,,,,,,,,,,,,,,,,,,,,,,,,P_ZHD,3,Prac,FPCN_B,2021_Aug_10_0947,nBack_prac,2021.1.4,60.00782694088988,
,,,,,,,,,,,,,,,,,,,,,,,,,,,,,,,,,,,,,57.314882324999985,None,76.82151378100002,None,space,13.841908354999987,76.82151378100002,None,,,,,,,,,,,,,,,,,,,,,,,,,,,,,,,,,,,,,,,,,,,,,,,,,,,P_ZHD,3,Prac,FPCN_B,2021_Aug_10_0947,nBack_prac,2021.1.4,60.00782694088988,
,,,,,,,,,,,,,,,,,,,,,,,,,,,,,,,,,,,,,,,,,,,,,90.68970566500002,None,space,12.914101274999894,90.68970566500002,None,,,,,,,,,,,,,,,,,,,,,,,,,,,,,,,,,,,,,,,,,,,,,P_ZHD,3,Prac,FPCN_B,2021_Aug_10_0947,nBack_prac,2021.1.4,60.00782694088988,
,0,0,0,0,0,0,0,0,,,,,,,,,,,,,,,,,,,,,,,,,,,,,,,,,,,,,,,,,,,103.63104476399997,None,111.33156942100004,None,0,F,0,113.81664386099999,115.81768324100005,113.34971502799999,113.84993192800005,left,1,0.7233543599999166,113.34971502799999,None,,,,,,,,,,,,,,,,,,,,,,,,,,,,,P_ZHD,3,Prac,FPCN_B,2021_Aug_10_0947,nBack_prac,2021.1.4,60.00782694088988,
,0,0,0,0,1,0,1,0,,,,,,,,,,,,,,,,,,,,,,,,,,,,,,,,,,,,,,,,,,,,,,,1,F,0,116.31789990100003,118.31877700500002,115.83791215500003,116.35112838099997,left,1,0.4880351869999231,115.83791215500003,None,,,,,,,,,,,,,,,,,,,,,,,,,,,,,P_ZHD,3,Prac,FPCN_B,2021_Aug_10_0947,nBack_prac,2021.1.4,60.00782694088988,
,0,0,0,0,2,0,2,0,,,,,,,,,,,,,,,,,,,,,,,,,,,,,,,,,,,,,,,,,,,,,,,2,X,1,118.81902587299999,120.82000796700004,118.33899413500001,118.85236830300005,right,1,0.4527519600000005,118.33899413500001,None,,,,,,,,,,,,,,,,,,,,,,,,,,,,,P_ZHD,3,Prac,FPCN_B,2021_Aug_10_0947,nBack_prac,2021.1.4,60.00782694088988,
,0,0,0,0,3,0,3,0,,,,,,,,,,,,,,,,,,,,,,,,,,,,,,,,,,,,,,,,,,,,,,,3,D,0,121.32066983300001,123.32111811000004,120.83989747500004,121.35347137500003,left,1,0.38062000299999,120.83989747500004,None,,,,,,,,,,,,,,,,,,,,,,,,,,,,,P_ZHD,3,Prac,FPCN_B,2021_Aug_10_0947,nBack_prac,2021.1.4,60.00782694088988,
,0,0,0,0,4,0,4,0,,,,,,,,,,,,,,,,,,,,,,,,,,,,,,,,,,,,,,,,,,,,,,,4,X,1,123.82133194400001,125.822428994,123.33997864499997,123.85473016000003,right,1,0.41348667300007946,123.33997864499997,None,,,,,,,,,,,,,,,,,,,,,,,,,,,,,P_ZHD,3,Prac,FPCN_B,2021_Aug_10_0947,nBack_prac,2021.1.4,60.00782694088988,
,0,0,0,0,5,0,5,0,,,,,,,,,,,,,,,,,,,,,,,,,,,,,,,,,,,,,,,,,,,,,,,5,L,0,126.32256764600004,128.32345652599997,125.84180096600005,126.35595186199998,left,1,0.42842691800001376,125.84180096600005,None,,,,,,,,,,,,,,,,,,,,,,,,,,,,,P_ZHD,3,Prac,FPCN_B,2021_Aug_10_0947,nBack_prac,2021.1.4,60.00782694088988,
,0,0,0,0,6,0,6,0,,,,,,,,,,,,,,,,,,,,,,,,,,,,,,,,,,,,,,,,,,,,,,,6,X,1,128.82370286599996,130.82476178399997,128.341757626,128.85669794600005,right,1,0.38227885399999195,128.341757626,None,,,,,,,,,,,,,,,,,,,,,,,,,,,,,P_ZHD,3,Prac,FPCN_B,2021_Aug_10_0947,nBack_prac,2021.1.4,60.00782694088988,
,0,0,0,0,7,0,7,0,,,,,,,,,,,,,,,,,,,,,,,,,,,,,,,,,,,,,,,,,,,,,,,7,F,0,131.32497069600004,133.325866099,130.84344303199998,131.35845540599996,left,1,0.3314833349999162,130.84344303199998,None,,,,,,,,,,,,,,,,,,,,,,,,,,,,,P_ZHD,3,Prac,FPCN_B,2021_Aug_10_0947,nBack_prac,2021.1.4,60.00782694088988,
,0,0,0,0,8,0,8,0,,,,,,,,,,,,,,,,,,,,,,,,,,,,,,,,,,,,,,,,,,,,,,,8,P,0,133.825911592,135.82697165900004,133.34664313500002,133.859610901,left,1,0.48812439599998925,133.34664313500002,None,,,,,,,,,,,,,,,,,,,,,,,,,,,,,P_ZHD,3,Prac,FPCN_B,2021_Aug_10_0947,nBack_prac,2021.1.4,60.00782694088988,
,0,0,0,0,9,0,9,0,,,,,,,,,,,,,,,,,,,,,,,,,,,,,,,,,,,,,,,,,,,,,,,9,N,0,136.32721140900003,138.32822582899996,135.84711962899996,136.36065173600002,left,1,0.5163980440000842,135.84711962899996,None,,,,,,,,,,,,,,,,,,,,,,,,,,,,,P_ZHD,3,Prac,FPCN_B,2021_Aug_10_0947,nBack_prac,2021.1.4,60.00782694088988,
,0,0,0,0,10,0,10,0,,,,,,,,,,,,,,,,,,,,,,,,,,,,,,,,,,,,,,,,,,,,,,,10,X,1,138.82843853500003,140.82939935299999,138.348362189,138.86179265099997,right,1,0.4809968460000391,138.348362189,None,,,,,,,,,,,,,,,,,,,,,,,,,,,,,P_ZHD,3,Prac,FPCN_B,2021_Aug_10_0947,nBack_prac,2021.1.4,60.00782694088988,
,0,0,0,0,11,0,11,0,,,,,,,,,,,,,,,,,,,,,,,,,,,,,,,,,,,,,,,,,,,,,,,11,P,0,141.329668405,143.33060881300003,140.84821850100002,141.362961691,left,1,0.42017919200009146,140.84821850100002,None,,,,,,,,,,,,,,,,,,,,,,,,,,,,,P_ZHD,3,Prac,FPCN_B,2021_Aug_10_0947,nBack_prac,2021.1.4,60.00782694088988,
,0,0,0,0,12,0,12,0,,,,,,,,,,,,,,,,,,,,,,,,,,,,,,,,,,,,,,,,,,,,,,,12,B,0,143.83098770000004,145.83189971499996,143.35079465800004,143.86414482299995,left,1,0.4322694100000035,143.35079465800004,None,,,,,,,,,,,,,,,,,,,,,,,,,,,,,P_ZHD,3,Prac,FPCN_B,2021_Aug_10_0947,nBack_prac,2021.1.4,60.00782694088988,
,0,0,0,0,13,0,13,0,,,,,,,,,,,,,,,,,,,,,,,,,,,,,,,,,,,,,,,,,,,,,,,13,T,0,146.33171168499996,148.33293922400003,145.85125882199998,146.36542168000005,left,1,0.4597982499999489,145.85125882199998,None,,,,,,,,,,,,,,,,,,,,,,,,,,,,,P_ZHD,3,Prac,FPCN_B,2021_Aug_10_0947,nBack_prac,2021.1.4,60.00782694088988,
,0,0,0,0,14,0,14,0,,,,,,,,,,,,,,,,,,,,,,,,,,,,,,,,,,,,,,,,,,,,,,,14,L,0,148.83317005000004,None,148.35172822200002,148.86628815799997,left,1,0.5010255280000138,148.35172822200002,None,,,,,,,,,,,,,,,,,,,,,,,,,,,,,P_ZHD,3,Prac,FPCN_B,2021_Aug_10_0947,nBack_prac,2021.1.4,60.00782694088988,
,0,0,0,0,15,0,15,0,,,,,,,,,,,,,,,,,,,,,,,,,,,,,,,,,,,,,,,,,,,,,,,15,X,1,151.31792229999996,153.31875597400006,150.83655307200002,151.35117304000005,right,1,0.3910601500000439,150.83655307200002,None,,,,,,,,,,,,,,,,,,,,,,,,,,,,,P_ZHD,3,Prac,FPCN_B,2021_Aug_10_0947,nBack_prac,2021.1.4,60.00782694088988,
,0,0,0,0,16,0,16,0,,,,,,,,,,,,,,,,,,,,,,,,,,,,,,,,,,,,,,,,,,,,,,,16,L,0,153.819070937,155.81987156900004,153.33872671899996,153.85220485699995,left,1,0.464714259999937,153.33872671899996,None,,,,,,,,,,,,,,,,,,,,,,,,,,,,,P_ZHD,3,Prac,FPCN_B,2021_Aug_10_0947,nBack_prac,2021.1.4,60.00782694088988,
,0,0,0,0,17,0,17,0,,,,,,,,,,,,,,,,,,,,,,,,,,,,,,,,,,,,,,,,,,,,,,,17,X,1,156.32014090100006,158.321057699,155.838697529,156.35343304100002,right,1,0.41076070299993717,155.838697529,None,,,,,,,,,,,,,,,,,,,,,,,,,,,,,P_ZHD,3,Prac,FPCN_B,2021_Aug_10_0947,nBack_prac,2021.1.4,60.00782694088988,
,0,0,0,0,,,,,,,,,,,,,,,,,,,,,,,,,,,,,,,,,,,,,,,,,,,,,,,,,,,,,,,,,,,,,,,1,158.35485639700005,None,space,2.883324248000008,158.35485639700005,None,,,,,,,,,,,,,,,,,,,,,,P_ZHD,3,Prac,FPCN_B,2021_Aug_10_0947,nBack_prac,2021.1.4,60.00782694088988,
1,,,,,,,,,0,0,0,0,0,0,0,0,0,0,0,0,,,,,,,,,,,,,,,,,,,,,,,,,,,,,,,,,165.42662736800003,None,0,N,0,,,,,,,,,,,,,,,,,161.30656021100003,None,167.92646008300005,169.92695373799995,167.45880036300002,167.959399933,left,1,0.32888187200001084,167.45880036300002,None,,,,,,,,,,,P_ZHD,3,Prac,FPCN_B,2021_Aug_10_0947,nBack_prac,2021.1.4,60.00782694088988,
1,,,,,,,,,0,0,0,0,0,0,0,0,1,0,1,0,,,,,,,,,,,,,,,,,,,,,,,,,,,,,,,,,,,1,B,0,,,,,,,,,,,,,,,,,,,170.427289266,None,169.96030911599996,170.46058275200005,left,1,0.3840688960000307,169.96030911599996,None,,,,,,,,,,,P_ZHD,3,Prac,FPCN_B,2021_Aug_10_0947,nBack_prac,2021.1.4,60.00782694088988,
1,,,,,,,,,0,0,0,0,0,0,0,0,2,0,2,0,,,,,,,,,,,,,,,,,,,,,,,,,,,,,,,,,,,2,B,1,,,,,,,,,,,,,,,,,,,172.91134078000005,174.91259268500005,172.43105307099995,172.94513291199996,right,1,0.3811633710000706,172.43105307099995,None,,,,,,,,,,,P_ZHD,3,Prac,FPCN_B,2021_Aug_10_0947,nBack_prac,2021.1.4,60.00782694088988,
1,,,,,,,,,0,0,0,0,0,0,0,0,3,0,3,0,,,,,,,,,,,,,,,,,,,,,,,,,,,,,,,,,,,3,L,0,,,,,,,,,,,,,,,,,,,175.41283845500004,177.41374143899998,174.946263907,175.44576500200003,left,1,0.33480284000006577,174.946263907,None,,,,,,,,,,,P_ZHD,3,Prac,FPCN_B,2021_Aug_10_0947,nBack_prac,2021.1.4,60.00782694088988,
1,,,,,,,,,0,0,0,0,0,0,0,0,4,0,4,0,,,,,,,,,,,,,,,,,,,,,,,,,,,,,,,,,,,4,B,0,,,,,,,,,,,,,,,,,,,177.91408655500004,179.91497347899997,177.43414037499997,177.94717369199998,left,1,0.44689264999999523,177.43414037499997,None,,,,,,,,,,,P_ZHD,3,Prac,FPCN_B,2021_Aug_10_0947,nBack_prac,2021.1.4,60.00782694088988,
1,,,,,,,,,0,0,0,0,0,0,0,0,5,0,5,0,,,,,,,,,,,,,,,,,,,,,,,,,,,,,,,,,,,5,B,1,,,,,,,,,,,,,,,,,,,180.415424475,182.41622373899997,179.934343215,180.44859996499997,right,1,0.3484097619999602,179.934343215,None,,,,,,,,,,,P_ZHD,3,Prac,FPCN_B,2021_Aug_10_0947,nBack_prac,2021.1.4,60.00782694088988,
1,,,,,,,,,0,0,0,0,0,0,0,0,6,0,6,0,,,,,,,,,,,,,,,,,,,,,,,,,,,,,,,,,,,6,T,0,,,,,,,,,,,,,,,,,,,182.916434771,184.917436437,182.43672800499996,182.94967300500002,left,1,0.38988503400003083,182.43672800499996,None,,,,,,,,,,,P_ZHD,3,Prac,FPCN_B,2021_Aug_10_0947,nBack_prac,2021.1.4,60.00782694088988,
1,,,,,,,,,0,0,0,0,0,0,0,0,7,0,7,0,,,,,,,,,,,,,,,,,,,,,,,,,,,,,,,,,,,7,T,1,,,,,,,,,,,,,,,,,,,185.417583874,187.418595181,184.93475697099996,185.434002211,right,1,0.44280047200004446,184.93475697099996,None,,,,,,,,,,,P_ZHD,3,Prac,FPCN_B,2021_Aug_10_0947,nBack_prac,2021.1.4,60.00782694088988,
1,,,,,,,,,0,0,0,0,0,0,0,0,8,0,8,0,,,,,,,,,,,,,,,,,,,,,,,,,,,,,,,,,,,8,G,0,,,,,,,,,,,,,,,,,,,187.91888507600004,189.91979223099997,187.45198086100004,187.95210800100006,left,1,0.3034854019999784,187.45198086100004,None,,,,,,,,,,,P_ZHD,3,Prac,FPCN_B,2021_Aug_10_0947,nBack_prac,2021.1.4,60.00782694088988,
1,,,,,,,,,0,0,0,0,0,0,0,0,9,0,9,0,,,,,,,,,,,,,,,,,,,,,,,,,,,,,,,,,,,9,G,1,,,,,,,,,,,,,,,,,,,190.42015901000002,192.42091038,189.93717365400005,190.43664290599997,right,1,0.3562827580000203,189.93717365400005,None,,,,,,,,,,,P_ZHD,3,Prac,FPCN_B,2021_Aug_10_0947,nBack_prac,2021.1.4,60.00782694088988,
1,,,,,,,,,0,0,0,0,0,0,0,0,10,0,10,0,,,,,,,,,,,,,,,,,,,,,,,,,,,,,,,,,,,10,F,0,,,,,,,,,,,,,,,,,,,192.92126487200005,194.92213040299998,192.454318456,192.954596294,left,1,0.3267965740000136,192.454318456,None,,,,,,,,,,,P_ZHD,3,Prac,FPCN_B,2021_Aug_10_0947,nBack_prac,2021.1.4,60.00782694088988,
1,,,,,,,,,0,0,0,0,0,0,0,0,11,0,11,0,,,,,,,,,,,,,,,,,,,,,,,,,,,,,,,,,,,11,F,1,,,,,,,,,,,,,,,,,,,195.42272582600003,197.42327396500002,194.93940756300003,195.43907169600004,right,1,0.4046244039999465,194.93940756300003,None,,,,,,,,,,,P_ZHD,3,Prac,FPCN_B,2021_Aug_10_0947,nBack_prac,2021.1.4,60.00782694088988,
1,,,,,,,,,0,0,0,0,0,0,0,0,12,0,12,0,,,,,,,,,,,,,,,,,,,,,,,,,,,,,,,,,,,12,P,0,,,,,,,,,,,,,,,,,,,197.92370453800004,199.92445888500004,197.45674636800004,197.956973963,left,1,0.3440582749999521,197.45674636800004,None,,,,,,,,,,,P_ZHD,3,Prac,FPCN_B,2021_Aug_10_0947,nBack_prac,2021.1.4,60.00782694088988,
1,,,,,,,,,0,0,0,0,0,0,0,0,13,0,13,0,,,,,,,,,,,,,,,,,,,,,,,,,,,,,,,,,,,13,L,0,,,,,,,,,,,,,,,,,,,200.42470514700005,202.42560202899995,199.95790029299997,200.458000783,left,1,0.5929012999999941,199.95790029299997,None,,,,,,,,,,,P_ZHD,3,Prac,FPCN_B,2021_Aug_10_0947,nBack_prac,2021.1.4,60.00782694088988,
1,,,,,,,,,0,0,0,0,0,0,0,0,14,0,14,0,,,,,,,,,,,,,,,,,,,,,,,,,,,,,,,,,,,14,T,0,,,,,,,,,,,,,,,,,,,202.92593451899995,204.926812842,202.45912915500003,202.95926364700006,left,1,0.6373884560000533,202.45912915500003,None,,,,,,,,,,,P_ZHD,3,Prac,FPCN_B,2021_Aug_10_0947,nBack_prac,2021.1.4,60.00782694088988,
1,,,,,,,,,0,0,0,0,0,0,0,0,15,0,15,0,,,,,,,,,,,,,,,,,,,,,,,,,,,,,,,,,,,15,G,0,,,,,,,,,,,,,,,,,,,205.42716188199995,207.42800683400003,204.94607555699997,205.46039170699999,left,1,0.6303759269999318,204.94607555699997,None,,,,,,,,,,,P_ZHD,3,Prac,FPCN_B,2021_Aug_10_0947,nBack_prac,2021.1.4,60.00782694088988,
1,,,,,,,,,0,0,0,0,0,0,0,0,16,0,16,0,,,,,,,,,,,,,,,,,,,,,,,,,,,,,,,,,,,16,B,0,,,,,,,,,,,,,,,,,,,207.92823417900001,None,207.44740869199995,207.96179017199995,left,1,0.6449963249999655,207.44740869199995,None,,,,,,,,,,,P_ZHD,3,Prac,FPCN_B,2021_Aug_10_0947,nBack_prac,2021.1.4,60.00782694088988,
1,,,,,,,,,0,0,0,0,0,0,0,0,17,0,17,0,,,,,,,,,,,,,,,,,,,,,,,,,,,,,,,,,,,17,B,1,,,,,,,,,,,,,,,,,,,210.41335087899995,212.41369525599998,209.92975111600003,210.42948480200005,left,0,0.4423290830000042,209.92975111600003,None,,,,,,,,,,,P_ZHD,3,Prac,FPCN_B,2021_Aug_10_0947,nBack_prac,2021.1.4,60.00782694088988,
1,,,,,,,,,0,0,0,0,0,0,0,0,,,,,,,,,,,,,,,,,,,,,,,,,,,,,,,,,,,,,,,,,,,,,,,,,,,,,,,,,,,,,,,,,,,,,212.44710105599995,None,space,2.033864021999989,212.44710105599995,None,,,,,P_ZHD,3,Prac,FPCN_B,2021_Aug_10_0947,nBack_prac,2021.1.4,60.00782694088988,
1,,,,,,,,,0,0,0,0,,,,,,,,,,,,,,,,,,,,,,,,,,,,,,,,,,,,,,,,,,,,,,,,,,,,,,,,,,,,,,,,,,,,,,,,,,,,,,,,,,,P_ZHD,3,Prac,FPCN_B,2021_Aug_10_0947,nBack_prac,2021.1.4,60.00782694088988,
2,,,,,,,,,0,1,1,1,0,0,0,0,0,0,0,0,,,,,,,,,,,,,,,,,,,,,,,,,,,,,,,,,217.16479746100003,None,0,C,0,,,,,,,,,,,,,,,,,214.53207418600005,None,219.64982704600004,221.651143241,219.17021683300004,219.68344315800005,left,1,1.2530085820000068,219.17021683300004,None,,,,,,,,,,,P_ZHD,3,Prac,FPCN_B,2021_Aug_10_0947,nBack_prac,2021.1.4,60.00782694088988,
2,,,,,,,,,0,1,1,1,0,0,0,0,1,0,1,0,,,,,,,,,,,,,,,,,,,,,,,,,,,,,,,,,,,1,B,1,,,,,,,,,,,,,,,,,,,222.151335905,224.15226979500005,221.67080115099998,222.184713633,left,0,0.8141938859999982,221.67080115099998,None,,,,,,,,,,,P_ZHD,3,Prac,FPCN_B,2021_Aug_10_0947,nBack_prac,2021.1.4,60.00782694088988,
2,,,,,,,,,0,1,1,1,0,0,0,0,2,0,2,0,,,,,,,,,,,,,,,,,,,,,,,,,,,,,,,,,,,2,T,0,,,,,,,,,,,,,,,,,,,224.65247162100002,226.65345693999996,224.17143838699997,224.68584497300003,left,1,0.5574332969999887,224.17143838699997,None,,,,,,,,,,,P_ZHD,3,Prac,FPCN_B,2021_Aug_10_0947,nBack_prac,2021.1.4,60.00782694088988,
2,,,,,,,,,0,1,1,1,0,0,0,0,3,0,3,0,,,,,,,,,,,,,,,,,,,,,,,,,,,,,,,,,,,3,B,1,,,,,,,,,,,,,,,,,,,227.15338955000004,229.15480697700002,226.672301833,227.18699723999998,right,1,0.4573699200000192,226.672301833,None,,,,,,,,,,,P_ZHD,3,Prac,FPCN_B,2021_Aug_10_0947,nBack_prac,2021.1.4,60.00782694088988,
2,,,,,,,,,0,1,1,1,0,0,0,0,4,0,4,0,,,,,,,,,,,,,,,,,,,,,,,,,,,,,,,,,,,4,F,0,,,,,,,,,,,,,,,,,,,229.654818502,231.65585881699997,229.17506849000006,229.68817389699996,left,1,0.4403361549999545,229.17506849000006,None,,,,,,,,,,,P_ZHD,3,Prac,FPCN_B,2021_Aug_10_0947,nBack_prac,2021.1.4,60.00782694088988,
2,,,,,,,,,0,1,1,1,0,0,0,0,5,0,5,0,,,,,,,,,,,,,,,,,,,,,,,,,,,,,,,,,,,5,C,0,,,,,,,,,,,,,,,,,,,232.156085802,234.15722673200003,231.67468427200004,232.189406062,left,1,0.5517762880000419,231.67468427200004,None,,,,,,,,,,,P_ZHD,3,Prac,FPCN_B,2021_Aug_10_0947,nBack_prac,2021.1.4,60.00782694088988,
2,,,,,,,,,0,1,1,1,0,0,0,0,6,0,6,0,,,,,,,,,,,,,,,,,,,,,,,,,,,,,,,,,,,6,G,0,,,,,,,,,,,,,,,,,,,234.657378966,236.65817554,234.17605699700005,234.69052014,left,1,0.5442510489999677,234.17605699700005,None,,,,,,,,,,,P_ZHD,3,Prac,FPCN_B,2021_Aug_10_0947,nBack_prac,2021.1.4,60.00782694088988,
2,,,,,,,,,0,1,1,1,0,0,0,0,7,0,7,0,,,,,,,,,,,,,,,,,,,,,,,,,,,,,,,,,,,7,C,1,,,,,,,,,,,,,,,,,,,237.15849650400003,239.159487904,236.67808808400002,237.19180603400002,right,1,0.5658841549999352,236.67808808400002,None,,,,,,,,,,,P_ZHD,3,Prac,FPCN_B,2021_Aug_10_0947,nBack_prac,2021.1.4,60.00782694088988,
2,,,,,,,,,0,1,1,1,0,0,0,0,8,0,8,0,,,,,,,,,,,,,,,,,,,,,,,,,,,,,,,,,,,8,B,0,,,,,,,,,,,,,,,,,,,239.65965461899998,241.66054573899999,239.17975859600006,239.69296240899996,left,1,0.7900792840000577,239.17975859600006,None,,,,,,,,,,,P_ZHD,3,Prac,FPCN_B,2021_Aug_10_0947,nBack_prac,2021.1.4,60.00782694088988,
2,,,,,,,,,0,1,1,1,0,0,0,0,9,0,9,0,,,,,,,,,,,,,,,,,,,,,,,,,,,,,,,,,,,9,P,0,,,,,,,,,,,,,,,,,,,242.16081629899998,244.16182072900006,241.679975001,242.19410662099995,left,1,0.4816797029999407,241.679975001,None,,,,,,,,,,,P_ZHD,3,Prac,FPCN_B,2021_Aug_10_0947,nBack_prac,2021.1.4,60.00782694088988,
2,,,,,,,,,0,1,1,1,0,0,0,0,10,0,10,0,,,,,,,,,,,,,,,,,,,,,,,,,,,,,,,,,,,10,B,1,,,,,,,,,,,,,,,,,,,244.66193644099997,246.662924363,244.18149383499997,244.69535784100003,right,1,0.32921765900005084,244.18149383499997,None,,,,,,,,,,,P_ZHD,3,Prac,FPCN_B,2021_Aug_10_0947,nBack_prac,2021.1.4,60.00782694088988,
2,,,,,,,,,0,1,1,1,0,0,0,0,11,0,11,0,,,,,,,,,,,,,,,,,,,,,,,,,,,,,,,,,,,11,T,0,,,,,,,,,,,,,,,,,,,247.163197029,249.164108071,246.68192429500004,247.19660872099996,left,1,0.5405642860000626,246.68192429500004,None,,,,,,,,,,,P_ZHD,3,Prac,FPCN_B,2021_Aug_10_0947,nBack_prac,2021.1.4,60.00782694088988,
2,,,,,,,,,0,1,1,1,0,0,0,0,12,0,12,0,,,,,,,,,,,,,,,,,,,,,,,,,,,,,,,,,,,12,L,0,,,,,,,,,,,,,,,,,,,249.66549316500004,251.66524847300002,249.18312662300002,249.68103629799998,left,1,0.5320735300000479,249.18312662300002,None,,,,,,,,,,,P_ZHD,3,Prac,FPCN_B,2021_Aug_10_0947,nBack_prac,2021.1.4,60.00782694088988,
2,,,,,,,,,0,1,1,1,0,0,0,0,13,0,13,0,,,,,,,,,,,,,,,,,,,,,,,,,,,,,,,,,,,13,T,1,,,,,,,,,,,,,,,,,,,252.16551484000001,None,251.68422686500003,252.19886576299996,right,1,0.3300410729999612,251.68422686500003,None,,,,,,,,,,,P_ZHD,3,Prac,FPCN_B,2021_Aug_10_0947,nBack_prac,2021.1.4,60.00782694088988,
2,,,,,,,,,0,1,1,1,0,0,0,0,14,0,14,0,,,,,,,,,,,,,,,,,,,,,,,,,,,,,,,,,,,14,N,0,,,,,,,,,,,,,,,,,,,254.65014412000005,256.65102870199996,254.16888061199995,254.68338233400004,left,1,0.48114463000001706,254.16888061199995,None,,,,,,,,,,,P_ZHD,3,Prac,FPCN_B,2021_Aug_10_0947,nBack_prac,2021.1.4,60.00782694088988,
2,,,,,,,,,0,1,1,1,0,0,0,0,15,0,15,0,,,,,,,,,,,,,,,,,,,,,,,,,,,,,,,,,,,15,T,1,,,,,,,,,,,,,,,,,,,257.15121208799997,259.152192797,256.67207989200006,257.18462691800005,right,1,0.8087708350000185,256.67207989200006,None,,,,,,,,,,,P_ZHD,3,Prac,FPCN_B,2021_Aug_10_0947,nBack_prac,2021.1.4,60.00782694088988,
2,,,,,,,,,0,1,1,1,0,0,0,0,16,0,16,0,,,,,,,,,,,,,,,,,,,,,,,,,,,,,,,,,,,0,G,0,,,,,,,,,,,,,,,,,,,259.652387547,261.65333338899995,259.17107287199997,259.68574423999996,left,1,0.6065440029999536,259.17107287199997,None,,,,,,,,,,,P_ZHD,3,Prac,FPCN_B,2021_Aug_10_0947,nBack_prac,2021.1.4,60.00782694088988,
2,,,,,,,,,0,1,1,1,0,0,0,0,17,0,17,0,,,,,,,,,,,,,,,,,,,,,,,,,,,,,,,,,,,1,T,1,,,,,,,,,,,,,,,,,,,262.153752057,264.154548871,261.67222317200003,262.186933954,right,1,0.571489730000053,261.67222317200003,None,,,,,,,,,,,P_ZHD,3,Prac,FPCN_B,2021_Aug_10_0947,nBack_prac,2021.1.4,60.00782694088988,
2,,,,,,,,,0,1,1,1,0,0,0,0,,,,,,,,,,,,,,,,,,,,,,,,,,,,,,,,,,,,,,,,,,,,,,,,,,,,,,,,,,,,,,,,,,,,,264.172266121,None,space,1.5249141409999538,264.172266121,None,,,,,P_ZHD,3,Prac,FPCN_B,2021_Aug_10_0947,nBack_prac,2021.1.4,60.00782694088988,
2,,,,,,,,,0,1,1,1,,,,,,,,,,,,,,,,,,,,,,,,,,,,,,,,,,,,,,,,,,,,,,,,,,,,,,,,,,,,,,,,,,,,,,,,,,,,,,,,,,,P_ZHD,3,Prac,FPCN_B,2021_Aug_10_0947,nBack_prac,2021.1.4,60.00782694088988,
,,,,,,,,,,,,,,,,,,,,,,,,,,,,,,,,,,,,,,,,,,,,,,,,,,,,,,,,,,,,,,,,,,,1,,,,,,,,,,,,,,,,,,,,,,,,265.72480147199997,None,1,1,,,,,,,,,
