﻿N_prac,trials_3.thisRepN,trials_3.thisTrialN,trials_3.thisN,trials_3.thisIndex,trials.thisRepN,trials.thisTrialN,trials.thisN,trials.thisIndex,trials_2.thisRepN,trials_2.thisTrialN,trials_2.thisN,trials_2.thisIndex,trials_4.thisRepN,trials_4.thisTrialN,trials_4.thisN,trials_4.thisIndex,trials_8.thisRepN,trials_8.thisTrialN,trials_8.thisN,trials_8.thisIndex,key_resp_9.keys,key_resp_9.rt,key_resp_9.started,key_resp_9.stopped,text_6.started,text_6.stopped,image.started,image.stopped,key_resp_10.keys,key_resp_10.rt,key_resp_10.started,key_resp_10.stopped,key_resp_11.keys,key_resp_11.rt,key_resp_11.started,key_resp_11.stopped,image_2.started,image_2.stopped,image_3.started,image_3.stopped,key_resp_12.keys,key_resp_12.rt,key_resp_12.started,key_resp_12.stopped,text_8.started,text_8.stopped,key_resp_14.keys,key_resp_14.rt,key_resp_14.started,key_resp_14.stopped,text_2.started,text_2.stopped,fixation_start.started,fixation_start.stopped,trialCount,itemPresented,trialType,fixation_3.started,fixation_3.stopped,letter_0back.started,letter_0back.stopped,key_resp_5.keys,key_resp_5.corr,key_resp_5.rt,key_resp_5.started,key_resp_5.stopped,pracRep0,text_4.started,text_4.stopped,key_resp_7.keys,key_resp_7.rt,key_resp_7.started,key_resp_7.stopped,instructionsTxt.started,instructionsTxt.stopped,fixation.started,fixation.stopped,letter.started,letter.stopped,key_resp_2.keys,key_resp_2.corr,key_resp_2.rt,key_resp_2.started,key_resp_2.stopped,text_5.started,text_5.stopped,key_resp_8.keys,key_resp_8.rt,key_resp_8.started,key_resp_8.stopped,text.started,text.stopped,pracRepN1,pracRepN2,participant,counterbalance,session (Prac, Pre, Post),stim site,date,expName,psychopyVersion,frameRate,
,,,,,,,,,,,,,,,,,,,,,space,15.738712987999861,17.38424271000008,None,,,,,,,,,,,,,,,,,,,,,,,,,,,,,,,,,,,,,,,,,,,,,,,,,,,,,,,,,,,,,,,,,,,,,,,P_FDC,1,Prac,DAN,2021_Aug_11_1000,nBack_prac,2021.1.4,59.89027347282608,
,,,,,,,,,,,,,,,,,,,,,,,,,17.38424271000008,None,33.162439146999986,None,space,49.72794591800016,33.162439146999986,None,,,,,,,,,,,,,,,,,,,,,,,,,,,,,,,,,,,,,,,,,,,,,,,,,,,,,,,,,,,,,,,P_FDC,1,Prac,DAN,2021_Aug_11_1000,nBack_prac,2021.1.4,59.89027347282608,
,,,,,,,,,,,,,,,,,,,,,,,,,,,,,,,,,space,42.14811318500006,82.91548053800011,None,,,,,,,,,,,,,,,,,,,,,,,,,,,,,,,,,,,,,,,,,,,,,,,,,,,,,,,,,,,P_FDC,1,Prac,DAN,2021_Aug_11_1000,nBack_prac,2021.1.4,59.89027347282608,
,,,,,,,,,,,,,,,,,,,,,,,,,,,,,,,,,,,,,82.91548053800011,None,125.0847175240001,None,space,254.7992794270001,125.0847175240001,None,,,,,,,,,,,,,,,,,,,,,,,,,,,,,,,,,,,,,,,,,,,,,,,,,,,P_FDC,1,Prac,DAN,2021_Aug_11_1000,nBack_prac,2021.1.4,59.89027347282608,
,,,,,,,,,,,,,,,,,,,,,,,,,,,,,,,,,,,,,,,,,,,,,379.90480692799997,None,space,16.62436010400006,379.90480692799997,None,,,,,,,,,,,,,,,,,,,,,,,,,,,,,,,,,,,,,,,,,,,,,P_FDC,1,Prac,DAN,2021_Aug_11_1000,nBack_prac,2021.1.4,59.89027347282608,
,0,0,0,0,0,0,0,0,,,,,,,,,,,,,,,,,,,,,,,,,,,,,,,,,,,,,,,,,,,396.56171675199994,None,419.48708270600014,None,0,F,0,421.97289965899995,423.97324246900007,421.504961871,422.00611768499994,left,1,0.570443146000116,421.504961871,None,,,,,,,,,,,,,,,,,,,,,,,,,,,,,P_FDC,1,Prac,DAN,2021_Aug_11_1000,nBack_prac,2021.1.4,59.89027347282608,
,0,0,0,0,1,0,1,0,,,,,,,,,,,,,,,,,,,,,,,,,,,,,,,,,,,,,,,,,,,,,,,1,C,0,424.47345192700004,426.4744466510001,423.993440814,424.50689705700006,left,1,2.3888916469998094,423.993440814,None,,,,,,,,,,,,,,,,,,,,,,,,,,,,,P_FDC,1,Prac,DAN,2021_Aug_11_1000,nBack_prac,2021.1.4,59.89027347282608,
,0,0,0,0,2,0,2,0,,,,,,,,,,,,,,,,,,,,,,,,,,,,,,,,,,,,,,,,,,,,,,,2,X,1,426.9745379210001,428.97559035099994,426.49462009600006,427.0076995260001,right,1,1.348464889999832,426.49462009600006,None,,,,,,,,,,,,,,,,,,,,,,,,,,,,,P_FDC,1,Prac,DAN,2021_Aug_11_1000,nBack_prac,2021.1.4,59.89027347282608,
,0,0,0,0,3,0,3,0,,,,,,,,,,,,,,,,,,,,,,,,,,,,,,,,,,,,,,,,,,,,,,,3,C,0,429.475425376,431.47684141600007,428.99497008599997,429.5093984939999,left,1,1.1999745890000213,428.99497008599997,None,,,,,,,,,,,,,,,,,,,,,,,,,,,,,P_FDC,1,Prac,DAN,2021_Aug_11_1000,nBack_prac,2021.1.4,59.89027347282608,
,0,0,0,0,4,0,4,0,,,,,,,,,,,,,,,,,,,,,,,,,,,,,,,,,,,,,,,,,,,,,,,4,X,1,431.97721820800007,433.97817156299993,431.49557149600014,432.010507446,right,1,0.5645482580000589,431.49557149600014,None,,,,,,,,,,,,,,,,,,,,,,,,,,,,,P_FDC,1,Prac,DAN,2021_Aug_11_1000,nBack_prac,2021.1.4,59.89027347282608,
,0,0,0,0,5,0,5,0,,,,,,,,,,,,,,,,,,,,,,,,,,,,,,,,,,,,,,,,,,,,,,,5,T,0,434.47818435,436.4793170600001,433.99756634000005,434.5116695480001,left,1,0.604212920000009,433.99756634000005,None,,,,,,,,,,,,,,,,,,,,,,,,,,,,,P_FDC,1,Prac,DAN,2021_Aug_11_1000,nBack_prac,2021.1.4,59.89027347282608,
,0,0,0,0,6,0,6,0,,,,,,,,,,,,,,,,,,,,,,,,,,,,,,,,,,,,,,,,,,,,,,,6,L,0,436.97939116299995,438.980386427,436.4988208049999,437.01283416499996,left,1,0.5749062269999285,436.4988208049999,None,,,,,,,,,,,,,,,,,,,,,,,,,,,,,P_FDC,1,Prac,DAN,2021_Aug_11_1000,nBack_prac,2021.1.4,59.89027347282608,
,0,0,0,0,7,0,7,0,,,,,,,,,,,,,,,,,,,,,,,,,,,,,,,,,,,,,,,,,,,,,,,7,X,1,439.48067318300014,441.481554103,438.999628197,439.513978445,right,1,0.32791611600009674,438.999628197,None,,,,,,,,,,,,,,,,,,,,,,,,,,,,,P_FDC,1,Prac,DAN,2021_Aug_11_1000,nBack_prac,2021.1.4,59.89027347282608,
,0,0,0,0,8,0,8,0,,,,,,,,,,,,,,,,,,,,,,,,,,,,,,,,,,,,,,,,,,,,,,,8,G,0,441.98146020600007,443.9828520420001,441.5015188990001,442.015236597,left,1,0.47084958400000687,441.5015188990001,None,,,,,,,,,,,,,,,,,,,,,,,,,,,,,P_FDC,1,Prac,DAN,2021_Aug_11_1000,nBack_prac,2021.1.4,59.89027347282608,
,0,0,0,0,9,0,9,0,,,,,,,,,,,,,,,,,,,,,,,,,,,,,,,,,,,,,,,,,,,,,,,9,X,1,444.482940095,446.48387487900004,444.00121523200005,444.516370479,right,1,0.732862207999915,444.00121523200005,None,,,,,,,,,,,,,,,,,,,,,,,,,,,,,P_FDC,1,Prac,DAN,2021_Aug_11_1000,nBack_prac,2021.1.4,59.89027347282608,
,0,0,0,0,10,0,10,0,,,,,,,,,,,,,,,,,,,,,,,,,,,,,,,,,,,,,,,,,,,,,,,10,L,0,446.9842224490001,448.9851493420001,446.50245002199995,447.01768865200006,left,1,0.37881523999999445,446.50245002199995,None,,,,,,,,,,,,,,,,,,,,,,,,,,,,,P_FDC,1,Prac,DAN,2021_Aug_11_1000,nBack_prac,2021.1.4,59.89027347282608,
,0,0,0,0,11,0,11,0,,,,,,,,,,,,,,,,,,,,,,,,,,,,,,,,,,,,,,,,,,,,,,,11,C,0,449.485396306,451.48628866800004,449.00348975199995,449.51877585600005,left,1,0.5455999799999063,449.00348975199995,None,,,,,,,,,,,,,,,,,,,,,,,,,,,,,P_FDC,1,Prac,DAN,2021_Aug_11_1000,nBack_prac,2021.1.4,59.89027347282608,
,0,0,0,0,12,0,12,0,,,,,,,,,,,,,,,,,,,,,,,,,,,,,,,,,,,,,,,,,,,,,,,12,X,1,451.9863392760001,453.98748789399997,451.5052363340001,452.01993853800013,right,1,0.483409939999774,451.5052363340001,None,,,,,,,,,,,,,,,,,,,,,,,,,,,,,P_FDC,1,Prac,DAN,2021_Aug_11_1000,nBack_prac,2021.1.4,59.89027347282608,
,0,0,0,0,13,0,13,0,,,,,,,,,,,,,,,,,,,,,,,,,,,,,,,,,,,,,,,,,,,,,,,13,P,0,454.4886016780001,456.48854436400006,454.0075427040001,454.52099514099996,left,1,0.4319547260001855,454.0075427040001,None,,,,,,,,,,,,,,,,,,,,,,,,,,,,,P_FDC,1,Prac,DAN,2021_Aug_11_1000,nBack_prac,2021.1.4,59.89027347282608,
,0,0,0,0,14,0,14,0,,,,,,,,,,,,,,,,,,,,,,,,,,,,,,,,,,,,,,,,,,,,,,,14,G,0,456.988815468,None,456.507409671,457.0221499680001,left,1,0.6489204489998883,456.507409671,None,,,,,,,,,,,,,,,,,,,,,,,,,,,,,P_FDC,1,Prac,DAN,2021_Aug_11_1000,nBack_prac,2021.1.4,59.89027347282608,
,0,0,0,0,15,0,15,0,,,,,,,,,,,,,,,,,,,,,,,,,,,,,,,,,,,,,,,,,,,,,,,15,C,0,459.47369684499995,461.47435391800013,458.991708516,459.50659016500003,left,1,0.5075966709998738,458.991708516,None,,,,,,,,,,,,,,,,,,,,,,,,,,,,,P_FDC,1,Prac,DAN,2021_Aug_11_1000,nBack_prac,2021.1.4,59.89027347282608,
,0,0,0,0,16,0,16,0,,,,,,,,,,,,,,,,,,,,,,,,,,,,,,,,,,,,,,,,,,,,,,,16,N,0,461.9746555470001,463.97564730299996,461.49412000899997,462.00791499499996,left,1,0.5560263530001066,461.49412000899997,None,,,,,,,,,,,,,,,,,,,,,,,,,,,,,P_FDC,1,Prac,DAN,2021_Aug_11_1000,nBack_prac,2021.1.4,59.89027347282608,
,0,0,0,0,17,0,17,0,,,,,,,,,,,,,,,,,,,,,,,,,,,,,,,,,,,,,,,,,,,,,,,17,X,1,464.4755413570001,466.4767082449998,463.9956476310001,464.50921191099997,right,1,0.4634615019999728,463.9956476310001,None,,,,,,,,,,,,,,,,,,,,,,,,,,,,,P_FDC,1,Prac,DAN,2021_Aug_11_1000,nBack_prac,2021.1.4,59.89027347282608,
,0,0,0,0,,,,,,,,,,,,,,,,,,,,,,,,,,,,,,,,,,,,,,,,,,,,,,,,,,,,,,,,,,,,,,,1,466.5106395550001,None,space,3.551031361999776,466.5106395550001,None,,,,,,,,,,,,,,,,,,,,,,P_FDC,1,Prac,DAN,2021_Aug_11_1000,nBack_prac,2021.1.4,59.89027347282608,
1,,,,,,,,,0,0,0,0,0,0,0,0,0,0,0,0,,,,,,,,,,,,,,,,,,,,,,,,,,,,,,,,,488.20284971499996,None,0,P,0,,,,,,,,,,,,,,,,,470.1289815340001,None,490.6889332599999,492.69019053500006,490.22094442800017,490.72206698499986,left,1,1.164372700000058,490.22094442800017,None,,,,,,,,,,,P_FDC,1,Prac,DAN,2021_Aug_11_1000,nBack_prac,2021.1.4,59.89027347282608,
1,,,,,,,,,0,0,0,0,0,0,0,0,1,0,1,0,,,,,,,,,,,,,,,,,,,,,,,,,,,,,,,,,,,1,L,0,,,,,,,,,,,,,,,,,,,493.1896198720001,495.190778918,492.7230821580001,493.22269526499986,left,1,0.616035159999683,492.7230821580001,None,,,,,,,,,,,P_FDC,1,Prac,DAN,2021_Aug_11_1000,nBack_prac,2021.1.4,59.89027347282608,
1,,,,,,,,,0,0,0,0,0,0,0,0,2,0,2,0,,,,,,,,,,,,,,,,,,,,,,,,,,,,,,,,,,,2,N,0,,,,,,,,,,,,,,,,,,,495.6905549580001,497.69148004,495.2239807400001,495.7239258079999,left,1,0.6150786920002247,495.2239807400001,None,,,,,,,,,,,P_FDC,1,Prac,DAN,2021_Aug_11_1000,nBack_prac,2021.1.4,59.89027347282608,
1,,,,,,,,,0,0,0,0,0,0,0,0,3,0,3,0,,,,,,,,,,,,,,,,,,,,,,,,,,,,,,,,,,,3,N,1,,,,,,,,,,,,,,,,,,,498.19181428,500.19279400899995,497.708619774,498.208452074,right,1,0.8001364659999126,497.708619774,None,,,,,,,,,,,P_FDC,1,Prac,DAN,2021_Aug_11_1000,nBack_prac,2021.1.4,59.89027347282608,
1,,,,,,,,,0,0,0,0,0,0,0,0,4,0,4,0,,,,,,,,,,,,,,,,,,,,,,,,,,,,,,,,,,,4,L,0,,,,,,,,,,,,,,,,,,,500.69307527399997,502.69391303400016,500.211796092,500.72641820900026,left,1,0.4827131150000241,500.211796092,None,,,,,,,,,,,P_FDC,1,Prac,DAN,2021_Aug_11_1000,nBack_prac,2021.1.4,59.89027347282608,
1,,,,,,,,,0,0,0,0,0,0,0,0,5,0,5,0,,,,,,,,,,,,,,,,,,,,,,,,,,,,,,,,,,,5,F,0,,,,,,,,,,,,,,,,,,,503.19418918400015,505.19529632900003,502.71402777899993,503.22769512900004,left,1,0.4074754620000931,502.71402777899993,None,,,,,,,,,,,P_FDC,1,Prac,DAN,2021_Aug_11_1000,nBack_prac,2021.1.4,59.89027347282608,
1,,,,,,,,,0,0,0,0,0,0,0,0,6,0,6,0,,,,,,,,,,,,,,,,,,,,,,,,,,,,,,,,,,,6,T,0,,,,,,,,,,,,,,,,,,,505.69533055700003,507.6963025069999,505.2288639170001,505.7282116860001,left,1,0.4894196939999347,505.2288639170001,None,,,,,,,,,,,P_FDC,1,Prac,DAN,2021_Aug_11_1000,nBack_prac,2021.1.4,59.89027347282608,
1,,,,,,,,,0,0,0,0,0,0,0,0,7,0,7,0,,,,,,,,,,,,,,,,,,,,,,,,,,,,,,,,,,,7,T,1,,,,,,,,,,,,,,,,,,,508.1965651260002,510.19751026099993,507.7164801990002,508.2298838460001,right,1,0.661733820000336,507.7164801990002,None,,,,,,,,,,,P_FDC,1,Prac,DAN,2021_Aug_11_1000,nBack_prac,2021.1.4,59.89027347282608,
1,,,,,,,,,0,0,0,0,0,0,0,0,8,0,8,0,,,,,,,,,,,,,,,,,,,,,,,,,,,,,,,,,,,8,F,0,,,,,,,,,,,,,,,,,,,510.69873843799996,512.6986386920003,510.216152081,510.71406649300025,left,1,0.4657965430001241,510.216152081,None,,,,,,,,,,,P_FDC,1,Prac,DAN,2021_Aug_11_1000,nBack_prac,2021.1.4,59.89027347282608,
1,,,,,,,,,0,0,0,0,0,0,0,0,9,0,9,0,,,,,,,,,,,,,,,,,,,,,,,,,,,,,,,,,,,9,F,1,,,,,,,,,,,,,,,,,,,513.1989000029998,515.1998053460002,512.715897178,513.2156153330002,right,1,0.6640722600000117,512.715897178,None,,,,,,,,,,,P_FDC,1,Prac,DAN,2021_Aug_11_1000,nBack_prac,2021.1.4,59.89027347282608,
1,,,,,,,,,0,0,0,0,0,0,0,0,10,0,10,0,,,,,,,,,,,,,,,,,,,,,,,,,,,,,,,,,,,10,C,0,,,,,,,,,,,,,,,,,,,515.700058296,517.7010385600001,515.2198135600001,515.7333632159998,left,1,0.517992931000208,515.2198135600001,None,,,,,,,,,,,P_FDC,1,Prac,DAN,2021_Aug_11_1000,nBack_prac,2021.1.4,59.89027347282608,
1,,,,,,,,,0,0,0,0,0,0,0,0,11,0,11,0,,,,,,,,,,,,,,,,,,,,,,,,,,,,,,,,,,,11,D,0,,,,,,,,,,,,,,,,,,,518.2013069260001,520.2021960980001,517.7345090080003,518.23436803,left,1,0.509081199999855,517.7345090080003,None,,,,,,,,,,,P_FDC,1,Prac,DAN,2021_Aug_11_1000,nBack_prac,2021.1.4,59.89027347282608,
1,,,,,,,,,0,0,0,0,0,0,0,0,12,0,12,0,,,,,,,,,,,,,,,,,,,,,,,,,,,,,,,,,,,12,D,1,,,,,,,,,,,,,,,,,,,520.70245608,None,520.21922786,520.7191203050002,right,1,0.5881662879996838,520.21922786,None,,,,,,,,,,,P_FDC,1,Prac,DAN,2021_Aug_11_1000,nBack_prac,2021.1.4,59.89027347282608,
1,,,,,,,,,0,0,0,0,0,0,0,0,13,0,13,0,,,,,,,,,,,,,,,,,,,,,,,,,,,,,,,,,,,13,N,0,,,,,,,,,,,,,,,,,,,523.1869319450002,525.1879590990002,522.7065201350001,523.2200364670002,left,1,0.49597414799973194,522.7065201350001,None,,,,,,,,,,,P_FDC,1,Prac,DAN,2021_Aug_11_1000,nBack_prac,2021.1.4,59.89027347282608,
1,,,,,,,,,0,0,0,0,0,0,0,0,14,0,14,0,,,,,,,,,,,,,,,,,,,,,,,,,,,,,,,,,,,14,N,1,,,,,,,,,,,,,,,,,,,525.6882401120001,527.6891978550002,525.208071689,525.7215015350002,left,0,0.9069907089997287,525.208071689,None,,,,,,,,,,,P_FDC,1,Prac,DAN,2021_Aug_11_1000,nBack_prac,2021.1.4,59.89027347282608,
1,,,,,,,,,0,0,0,0,0,0,0,0,15,0,15,0,,,,,,,,,,,,,,,,,,,,,,,,,,,,,,,,,,,15,P,0,,,,,,,,,,,,,,,,,,,528.1896122570001,530.1902733910001,527.7225795469999,528.2226213610002,left,1,0.7306039260001853,527.7225795469999,None,,,,,,,,,,,P_FDC,1,Prac,DAN,2021_Aug_11_1000,nBack_prac,2021.1.4,59.89027347282608,
1,,,,,,,,,0,0,0,0,0,0,0,0,16,0,16,0,,,,,,,,,,,,,,,,,,,,,,,,,,,,,,,,,,,16,P,1,,,,,,,,,,,,,,,,,,,530.6905088110002,532.6915454509999,530.207304647,530.707229009,right,1,0.4105358819997491,530.207304647,None,,,,,,,,,,,P_FDC,1,Prac,DAN,2021_Aug_11_1000,nBack_prac,2021.1.4,59.89027347282608,
1,,,,,,,,,0,0,0,0,0,0,0,0,17,0,17,0,,,,,,,,,,,,,,,,,,,,,,,,,,,,,,,,,,,17,N,0,,,,,,,,,,,,,,,,,,,533.1917573589999,535.1926145010002,532.7102634190001,533.2253884430002,left,1,0.8135877279996748,532.7102634190001,None,,,,,,,,,,,P_FDC,1,Prac,DAN,2021_Aug_11_1000,nBack_prac,2021.1.4,59.89027347282608,
1,,,,,,,,,0,0,0,0,0,0,0,0,,,,,,,,,,,,,,,,,,,,,,,,,,,,,,,,,,,,,,,,,,,,,,,,,,,,,,,,,,,,,,,,,,,,,535.2264750620002,None,space,4.392831813000157,535.2264750620002,None,,,,,P_FDC,1,Prac,DAN,2021_Aug_11_1000,nBack_prac,2021.1.4,59.89027347282608,
1,,,,,,,,,0,0,0,0,,,,,,,,,,,,,,,,,,,,,,,,,,,,,,,,,,,,,,,,,,,,,,,,,,,,,,,,,,,,,,,,,,,,,,,,,,,,,,,,,,,P_FDC,1,Prac,DAN,2021_Aug_11_1000,nBack_prac,2021.1.4,59.89027347282608,
2,,,,,,,,,0,1,1,1,0,0,0,0,0,0,0,0,,,,,,,,,,,,,,,,,,,,,,,,,,,,,,,,,548.0644821830001,None,0,D,0,,,,,,,,,,,,,,,,,539.6781714379999,None,550.5496575870002,552.5506118220001,550.0677469430002,550.5829675589998,left,1,0.6332590980000532,550.0677469430002,None,,,,,,,,,,,P_FDC,1,Prac,DAN,2021_Aug_11_1000,nBack_prac,2021.1.4,59.89027347282608,
2,,,,,,,,,0,1,1,1,0,0,0,0,1,0,1,0,,,,,,,,,,,,,,,,,,,,,,,,,,,,,,,,,,,1,B,0,,,,,,,,,,,,,,,,,,,553.0511482790002,555.0520097620001,552.5839584720002,553.084804912,left,1,0.7550255099999958,552.5839584720002,None,,,,,,,,,,,P_FDC,1,Prac,DAN,2021_Aug_11_1000,nBack_prac,2021.1.4,59.89027347282608,
2,,,,,,,,,0,1,1,1,0,0,0,0,2,0,2,0,,,,,,,,,,,,,,,,,,,,,,,,,,,,,,,,,,,2,D,1,,,,,,,,,,,,,,,,,,,555.5525198169998,557.5533726019999,555.071655194,555.5855201069999,right,1,0.4881539100001646,555.071655194,None,,,,,,,,,,,P_FDC,1,Prac,DAN,2021_Aug_11_1000,nBack_prac,2021.1.4,59.89027347282608,
2,,,,,,,,,0,1,1,1,0,0,0,0,3,0,3,0,,,,,,,,,,,,,,,,,,,,,,,,,,,,,,,,,,,3,L,0,,,,,,,,,,,,,,,,,,,558.0534724859999,560.0544117620002,557.586672159,558.086723892,left,1,0.4302271700003075,557.586672159,None,,,,,,,,,,,P_FDC,1,Prac,DAN,2021_Aug_11_1000,nBack_prac,2021.1.4,59.89027347282608,
2,,,,,,,,,0,1,1,1,0,0,0,0,4,0,4,0,,,,,,,,,,,,,,,,,,,,,,,,,,,,,,,,,,,4,G,0,,,,,,,,,,,,,,,,,,,560.5545897259999,562.5556219509999,560.0885003640001,560.5879853420001,left,1,0.7339110789998813,560.0885003640001,None,,,,,,,,,,,P_FDC,1,Prac,DAN,2021_Aug_11_1000,nBack_prac,2021.1.4,59.89027347282608,
2,,,,,,,,,0,1,1,1,0,0,0,0,5,0,5,0,,,,,,,,,,,,,,,,,,,,,,,,,,,,,,,,,,,5,C,0,,,,,,,,,,,,,,,,,,,563.0563312230001,565.0567991030002,562.575428486,563.0893681580001,left,1,0.46582903299986356,562.575428486,None,,,,,,,,,,,P_FDC,1,Prac,DAN,2021_Aug_11_1000,nBack_prac,2021.1.4,59.89027347282608,
2,,,,,,,,,0,1,1,1,0,0,0,0,6,0,6,0,,,,,,,,,,,,,,,,,,,,,,,,,,,,,,,,,,,6,F,0,,,,,,,,,,,,,,,,,,,565.5569781529998,567.5580149709999,565.0756756680003,565.5900593420001,left,1,0.5645821070002057,565.0756756680003,None,,,,,,,,,,,P_FDC,1,Prac,DAN,2021_Aug_11_1000,nBack_prac,2021.1.4,59.89027347282608,
2,,,,,,,,,0,1,1,1,0,0,0,0,7,0,7,0,,,,,,,,,,,,,,,,,,,,,,,,,,,,,,,,,,,7,C,1,,,,,,,,,,,,,,,,,,,568.0583096350001,570.0591907950002,567.5778800480002,568.0915830909998,right,1,0.6412240829999973,567.5778800480002,None,,,,,,,,,,,P_FDC,1,Prac,DAN,2021_Aug_11_1000,nBack_prac,2021.1.4,59.89027347282608,
2,,,,,,,,,0,1,1,1,0,0,0,0,8,0,8,0,,,,,,,,,,,,,,,,,,,,,,,,,,,,,,,,,,,8,B,0,,,,,,,,,,,,,,,,,,,570.5593982270002,572.5602752549999,570.079330737,570.592808331,left,1,0.6576201580000998,570.079330737,None,,,,,,,,,,,P_FDC,1,Prac,DAN,2021_Aug_11_1000,nBack_prac,2021.1.4,59.89027347282608,
2,,,,,,,,,0,1,1,1,0,0,0,0,9,0,9,0,,,,,,,,,,,,,,,,,,,,,,,,,,,,,,,,,,,9,C,1,,,,,,,,,,,,,,,,,,,573.0605745500002,575.0614967870001,572.5819452569999,573.0941501850002,right,1,0.6677853799997138,572.5819452569999,None,,,,,,,,,,,P_FDC,1,Prac,DAN,2021_Aug_11_1000,nBack_prac,2021.1.4,59.89027347282608,
2,,,,,,,,,0,1,1,1,0,0,0,0,10,0,10,0,,,,,,,,,,,,,,,,,,,,,,,,,,,,,,,,,,,10,F,0,,,,,,,,,,,,,,,,,,,575.5616819870002,577.5630430400001,575.0804255799999,575.5951000149998,left,1,0.30319371600035083,575.0804255799999,None,,,,,,,,,,,P_FDC,1,Prac,DAN,2021_Aug_11_1000,nBack_prac,2021.1.4,59.89027347282608,
2,,,,,,,,,0,1,1,1,0,0,0,0,11,0,11,0,,,,,,,,,,,,,,,,,,,,,,,,,,,,,,,,,,,11,T,0,,,,,,,,,,,,,,,,,,,578.06282981,580.0638958099998,577.5818168169999,578.096920812,left,1,0.652695422999841,577.5818168169999,None,,,,,,,,,,,P_FDC,1,Prac,DAN,2021_Aug_11_1000,nBack_prac,2021.1.4,59.89027347282608,
2,,,,,,,,,0,1,1,1,0,0,0,0,12,0,12,0,,,,,,,,,,,,,,,,,,,,,,,,,,,,,,,,,,,12,F,1,,,,,,,,,,,,,,,,,,,580.5642692040001,582.5650929940002,580.0827474900002,580.5971545920002,left,0,0.5035623450003186,580.0827474900002,None,,,,,,,,,,,P_FDC,1,Prac,DAN,2021_Aug_11_1000,nBack_prac,2021.1.4,59.89027347282608,
2,,,,,,,,,0,1,1,1,0,0,0,0,13,0,13,0,,,,,,,,,,,,,,,,,,,,,,,,,,,,,,,,,,,13,N,0,,,,,,,,,,,,,,,,,,,583.0653884040003,None,582.584336506,583.0987737660002,left,1,0.863021654000022,582.584336506,None,,,,,,,,,,,P_FDC,1,Prac,DAN,2021_Aug_11_1000,nBack_prac,2021.1.4,59.89027347282608,
2,,,,,,,,,0,1,1,1,0,0,0,0,14,0,14,0,,,,,,,,,,,,,,,,,,,,,,,,,,,,,,,,,,,14,F,1,,,,,,,,,,,,,,,,,,,585.5498814789999,587.5509668509999,585.0684038459999,585.5832413819999,right,1,0.5627920850001829,585.0684038459999,None,,,,,,,,,,,P_FDC,1,Prac,DAN,2021_Aug_11_1000,nBack_prac,2021.1.4,59.89027347282608,
2,,,,,,,,,0,1,1,1,0,0,0,0,15,0,15,0,,,,,,,,,,,,,,,,,,,,,,,,,,,,,,,,,,,15,B,0,,,,,,,,,,,,,,,,,,,588.0510816609999,590.052013426,587.5699809010002,588.0839196090001,left,1,0.5048708069998611,587.5699809010002,None,,,,,,,,,,,P_FDC,1,Prac,DAN,2021_Aug_11_1000,nBack_prac,2021.1.4,59.89027347282608,
2,,,,,,,,,0,1,1,1,0,0,0,0,16,0,16,0,,,,,,,,,,,,,,,,,,,,,,,,,,,,,,,,,,,16,F,1,,,,,,,,,,,,,,,,,,,590.552204433,592.553144425,590.0853953330002,590.5852894750001,left,0,0.48246756000025925,590.0853953330002,None,,,,,,,,,,,P_FDC,1,Prac,DAN,2021_Aug_11_1000,nBack_prac,2021.1.4,59.89027347282608,
2,,,,,,,,,0,1,1,1,0,0,0,0,17,0,17,0,,,,,,,,,,,,,,,,,,,,,,,,,,,,,,,,,,,17,C,0,,,,,,,,,,,,,,,,,,,593.0534972730002,595.0546914229999,592.5721821450002,593.086846061,left,1,0.49460295399967436,592.5721821450002,None,,,,,,,,,,,P_FDC,1,Prac,DAN,2021_Aug_11_1000,nBack_prac,2021.1.4,59.89027347282608,
2,,,,,,,,,0,1,1,1,0,0,0,0,,,,,,,,,,,,,,,,,,,,,,,,,,,,,,,,,,,,,,,,,,,,,,,,,,,,,,,,,,,,,,,,,,,,,595.0878284350001,None,space,2.136501634999604,595.0878284350001,None,,,,,P_FDC,1,Prac,DAN,2021_Aug_11_1000,nBack_prac,2021.1.4,59.89027347282608,
2,,,,,,,,,0,1,1,1,,,,,,,,,,,,,,,,,,,,,,,,,,,,,,,,,,,,,,,,,,,,,,,,,,,,,,,,,,,,,,,,,,,,,,,,,,,,,,,,,,,P_FDC,1,Prac,DAN,2021_Aug_11_1000,nBack_prac,2021.1.4,59.89027347282608,
,,,,,,,,,,,,,,,,,,,,,,,,,,,,,,,,,,,,,,,,,,,,,,,,,,,,,,,,,,,,,,,,,,,1,,,,,,,,,,,,,,,,,,,,,,,,597.2596043150002,None,1,1,,,,,,,,,
