﻿N_prac,trials_3.thisRepN,trials_3.thisTrialN,trials_3.thisN,trials_3.thisIndex,trials.thisRepN,trials.thisTrialN,trials.thisN,trials.thisIndex,trials_2.thisRepN,trials_2.thisTrialN,trials_2.thisN,trials_2.thisIndex,trials_4.thisRepN,trials_4.thisTrialN,trials_4.thisN,trials_4.thisIndex,trials_8.thisRepN,trials_8.thisTrialN,trials_8.thisN,trials_8.thisIndex,key_resp_9.keys,key_resp_9.rt,key_resp_9.started,key_resp_9.stopped,text_6.started,text_6.stopped,image.started,image.stopped,key_resp_10.keys,key_resp_10.rt,key_resp_10.started,key_resp_10.stopped,key_resp_11.keys,key_resp_11.rt,key_resp_11.started,key_resp_11.stopped,image_2.started,image_2.stopped,image_3.started,image_3.stopped,key_resp_12.keys,key_resp_12.rt,key_resp_12.started,key_resp_12.stopped,text_8.started,text_8.stopped,key_resp_14.keys,key_resp_14.rt,key_resp_14.started,key_resp_14.stopped,text_2.started,text_2.stopped,fixation_start.started,fixation_start.stopped,trialCount,itemPresented,trialType,fixation_3.started,fixation_3.stopped,letter_0back.started,letter_0back.stopped,key_resp_5.keys,key_resp_5.corr,key_resp_5.rt,key_resp_5.started,key_resp_5.stopped,pracRep0,text_4.started,text_4.stopped,key_resp_7.keys,key_resp_7.rt,key_resp_7.started,key_resp_7.stopped,instructionsTxt.started,instructionsTxt.stopped,fixation.started,fixation.stopped,letter.started,letter.stopped,key_resp_2.keys,key_resp_2.corr,key_resp_2.rt,key_resp_2.started,key_resp_2.stopped,text_5.started,text_5.stopped,key_resp_8.keys,key_resp_8.rt,key_resp_8.started,key_resp_8.stopped,text.started,text.stopped,pracRepN1,pracRepN2,participant,counterbalance,session (Prac, Pre, Post),stim site,date,expName,psychopyVersion,frameRate,
,,,,,,,,,,,,,,,,,,,,,space,4.327782160999959,26.709443282999928,None,,,,,,,,,,,,,,,,,,,,,,,,,,,,,,,,,,,,,,,,,,,,,,,,,,,,,,,,,,,,,,,,,,,,,,,P_LFJ,2,Prac,Vertex,2021_Jul_26_0940,nBack_prac,2021.1.4,59.84766626388586,
,,,,,,,,,,,,,,,,,,,,,,,,,26.709443282999928,None,31.06657530700022,None,space,8.320568696999999,31.06657530700022,None,,,,,,,,,,,,,,,,,,,,,,,,,,,,,,,,,,,,,,,,,,,,,,,,,,,,,,,,,,,,,,,P_LFJ,2,Prac,Vertex,2021_Jul_26_0940,nBack_prac,2021.1.4,59.84766626388586,
,,,,,,,,,,,,,,,,,,,,,,,,,,,,,,,,,space,5.833869891000177,39.4184775839999,None,,,,,,,,,,,,,,,,,,,,,,,,,,,,,,,,,,,,,,,,,,,,,,,,,,,,,,,,,,,P_LFJ,2,Prac,Vertex,2021_Jul_26_0940,nBack_prac,2021.1.4,59.84766626388586,
,,,,,,,,,,,,,,,,,,,,,,,,,,,,,,,,,,,,,39.4184775839999,None,45.28601979299992,None,space,4.4833867080001255,45.28601979299992,None,,,,,,,,,,,,,,,,,,,,,,,,,,,,,,,,,,,,,,,,,,,,,,,,,,,P_LFJ,2,Prac,Vertex,2021_Jul_26_0940,nBack_prac,2021.1.4,59.84766626388586,
,,,,,,,,,,,,,,,,,,,,,,,,,,,,,,,,,,,,,,,,,,,,,49.801070041,None,space,5.652371062999919,49.801070041,None,,,,,,,,,,,,,,,,,,,,,,,,,,,,,,,,,,,,,,,,,,,,,P_LFJ,2,Prac,Vertex,2021_Jul_26_0940,nBack_prac,2021.1.4,59.84766626388586,
,0,0,0,0,0,0,0,0,,,,,,,,,,,,,,,,,,,,,,,,,,,,,,,,,,,,,,,,,,,55.47286123399999,None,60.43896761399992,None,0,F,0,62.92450329900021,64.92535464100001,62.456794742000056,62.95757028900016,left,1,0.47826391800026613,62.456794742000056,None,,,,,,,,,,,,,,,,,,,,,,,,,,,,,P_LFJ,2,Prac,Vertex,2021_Jul_26_0940,nBack_prac,2021.1.4,59.84766626388586,
,0,0,0,0,1,0,1,0,,,,,,,,,,,,,,,,,,,,,,,,,,,,,,,,,,,,,,,,,,,,,,,1,G,0,65.42510576899986,67.42604920099984,64.94438350600012,65.45818238099992,left,1,0.4455997150002986,64.94438350600012,None,,,,,,,,,,,,,,,,,,,,,,,,,,,,,P_LFJ,2,Prac,Vertex,2021_Jul_26_0940,nBack_prac,2021.1.4,59.84766626388586,
,0,0,0,0,2,0,2,0,,,,,,,,,,,,,,,,,,,,,,,,,,,,,,,,,,,,,,,,,,,,,,,2,N,0,67.92634265100014,69.92726853900012,67.44602842299992,67.95936138900015,left,1,0.36277762199961217,67.44602842299992,None,,,,,,,,,,,,,,,,,,,,,,,,,,,,,P_LFJ,2,Prac,Vertex,2021_Jul_26_0940,nBack_prac,2021.1.4,59.84766626388586,
,0,0,0,0,3,0,3,0,,,,,,,,,,,,,,,,,,,,,,,,,,,,,,,,,,,,,,,,,,,,,,,3,G,0,70.42721715900007,72.42843104800022,69.94600547900018,70.4609491010001,left,1,0.4484220720000849,69.94600547900018,None,,,,,,,,,,,,,,,,,,,,,,,,,,,,,P_LFJ,2,Prac,Vertex,2021_Jul_26_0940,nBack_prac,2021.1.4,59.84766626388586,
,0,0,0,0,4,0,4,0,,,,,,,,,,,,,,,,,,,,,,,,,,,,,,,,,,,,,,,,,,,,,,,4,X,1,72.928734351,74.92970159300012,72.4492284590001,72.9617145090001,right,1,0.4640201550000711,72.4492284590001,None,,,,,,,,,,,,,,,,,,,,,,,,,,,,,P_LFJ,2,Prac,Vertex,2021_Jul_26_0940,nBack_prac,2021.1.4,59.84766626388586,
,0,0,0,0,5,0,5,0,,,,,,,,,,,,,,,,,,,,,,,,,,,,,,,,,,,,,,,,,,,,,,,5,D,0,75.42951557000015,77.43092698200007,74.95012171500002,75.46351753299996,left,1,0.29323922999992647,74.95012171500002,None,,,,,,,,,,,,,,,,,,,,,,,,,,,,,P_LFJ,2,Prac,Vertex,2021_Jul_26_0940,nBack_prac,2021.1.4,59.84766626388586,
,0,0,0,0,6,0,6,0,,,,,,,,,,,,,,,,,,,,,,,,,,,,,,,,,,,,,,,,,,,,,,,6,X,1,77.93129885500002,79.93204131399989,77.4514695150001,77.9643975680001,right,1,0.3065383699999984,77.4514695150001,None,,,,,,,,,,,,,,,,,,,,,,,,,,,,,P_LFJ,2,Prac,Vertex,2021_Jul_26_0940,nBack_prac,2021.1.4,59.84766626388586,
,0,0,0,0,7,0,7,0,,,,,,,,,,,,,,,,,,,,,,,,,,,,,,,,,,,,,,,,,,,,,,,7,D,0,80.43219682200015,82.43316078399994,79.95080617300027,80.46567999199988,left,1,0.3701608490000581,79.95080617300027,None,,,,,,,,,,,,,,,,,,,,,,,,,,,,,P_LFJ,2,Prac,Vertex,2021_Jul_26_0940,nBack_prac,2021.1.4,59.84766626388586,
,0,0,0,0,8,0,8,0,,,,,,,,,,,,,,,,,,,,,,,,,,,,,,,,,,,,,,,,,,,,,,,8,F,0,82.93335415999991,84.93449735700005,82.45342931699997,82.96644523700024,left,1,0.36336454199999935,82.45342931699997,None,,,,,,,,,,,,,,,,,,,,,,,,,,,,,P_LFJ,2,Prac,Vertex,2021_Jul_26_0940,nBack_prac,2021.1.4,59.84766626388586,
,0,0,0,0,9,0,9,0,,,,,,,,,,,,,,,,,,,,,,,,,,,,,,,,,,,,,,,,,,,,,,,9,N,0,85.43449320399986,87.43546329699984,84.95326654700011,85.46768907400019,left,1,0.31522006699970007,84.95326654700011,None,,,,,,,,,,,,,,,,,,,,,,,,,,,,,P_LFJ,2,Prac,Vertex,2021_Jul_26_0940,nBack_prac,2021.1.4,59.84766626388586,
,0,0,0,0,10,0,10,0,,,,,,,,,,,,,,,,,,,,,,,,,,,,,,,,,,,,,,,,,,,,,,,10,X,1,87.93575817700003,89.93687684299994,87.45583476000002,87.96905455700016,right,1,0.41550860600000306,87.45583476000002,None,,,,,,,,,,,,,,,,,,,,,,,,,,,,,P_LFJ,2,Prac,Vertex,2021_Jul_26_0940,nBack_prac,2021.1.4,59.84766626388586,
,0,0,0,0,11,0,11,0,,,,,,,,,,,,,,,,,,,,,,,,,,,,,,,,,,,,,,,,,,,,,,,11,G,0,90.43699849299992,92.43787946900011,89.95607704099984,90.47047591899991,left,1,0.30925521800008937,89.95607704099984,None,,,,,,,,,,,,,,,,,,,,,,,,,,,,,P_LFJ,2,Prac,Vertex,2021_Jul_26_0940,nBack_prac,2021.1.4,59.84766626388586,
,0,0,0,0,12,0,12,0,,,,,,,,,,,,,,,,,,,,,,,,,,,,,,,,,,,,,,,,,,,,,,,12,X,1,92.9382464790001,94.93908085300018,92.45703306099995,92.97111109600019,right,1,0.2999784769999678,92.45703306099995,None,,,,,,,,,,,,,,,,,,,,,,,,,,,,,P_LFJ,2,Prac,Vertex,2021_Jul_26_0940,nBack_prac,2021.1.4,59.84766626388586,
,0,0,0,0,13,0,13,0,,,,,,,,,,,,,,,,,,,,,,,,,,,,,,,,,,,,,,,,,,,,,,,13,N,0,95.43935630600026,None,94.95920168900011,95.47235037300015,left,1,0.3476645779996943,94.95920168900011,None,,,,,,,,,,,,,,,,,,,,,,,,,,,,,P_LFJ,2,Prac,Vertex,2021_Jul_26_0940,nBack_prac,2021.1.4,59.84766626388586,
,0,0,0,0,14,0,14,0,,,,,,,,,,,,,,,,,,,,,,,,,,,,,,,,,,,,,,,,,,,,,,,14,N,0,97.92349676599997,99.92477695800017,97.44063801799985,97.94052639600022,left,1,0.44838126700005887,97.44063801799985,None,,,,,,,,,,,,,,,,,,,,,,,,,,,,,P_LFJ,2,Prac,Vertex,2021_Jul_26_0940,nBack_prac,2021.1.4,59.84766626388586,
,0,0,0,0,15,0,15,0,,,,,,,,,,,,,,,,,,,,,,,,,,,,,,,,,,,,,,,,,,,,,,,15,X,1,100.4251243560002,102.426048412,99.94345806599995,100.45821808000028,right,1,0.3831160899999304,99.94345806599995,None,,,,,,,,,,,,,,,,,,,,,,,,,,,,,P_LFJ,2,Prac,Vertex,2021_Jul_26_0940,nBack_prac,2021.1.4,59.84766626388586,
,0,0,0,0,16,0,16,0,,,,,,,,,,,,,,,,,,,,,,,,,,,,,,,,,,,,,,,,,,,,,,,16,L,0,102.92629684600024,104.92727246000004,102.44592399600015,102.95953347000022,left,1,0.2856670460000714,102.44592399600015,None,,,,,,,,,,,,,,,,,,,,,,,,,,,,,P_LFJ,2,Prac,Vertex,2021_Jul_26_0940,nBack_prac,2021.1.4,59.84766626388586,
,0,0,0,0,17,0,17,0,,,,,,,,,,,,,,,,,,,,,,,,,,,,,,,,,,,,,,,,,,,,,,,17,X,1,105.42742990199986,107.42836835200023,104.94748300499987,105.46042665499999,right,1,0.334957341000063,104.94748300499987,None,,,,,,,,,,,,,,,,,,,,,,,,,,,,,P_LFJ,2,Prac,Vertex,2021_Jul_26_0940,nBack_prac,2021.1.4,59.84766626388586,
,0,0,0,0,,,,,,,,,,,,,,,,,,,,,,,,,,,,,,,,,,,,,,,,,,,,,,,,,,,,,,,,,,,,,,,1,107.46240941499991,None,space,2.6383458049999717,107.46240941499991,None,,,,,,,,,,,,,,,,,,,,,,P_LFJ,2,Prac,Vertex,2021_Jul_26_0940,nBack_prac,2021.1.4,59.84766626388586,
1,,,,,,,,,0,0,0,0,0,0,0,0,0,0,0,0,,,,,,,,,,,,,,,,,,,,,,,,,,,,,,,,,113.44724596500009,None,0,L,0,,,,,,,,,,,,,,,,,110.18000248899989,None,115.93240472700018,117.93336113400028,115.465430061,115.96582659100022,left,1,0.3039345540000795,115.465430061,None,,,,,,,,,,,P_LFJ,2,Prac,Vertex,2021_Jul_26_0940,nBack_prac,2021.1.4,59.84766626388586,
1,,,,,,,,,0,0,0,0,0,0,0,0,1,0,1,0,,,,,,,,,,,,,,,,,,,,,,,,,,,,,,,,,,,1,T,0,,,,,,,,,,,,,,,,,,,118.43352196100022,120.43451016800009,117.96664620599995,118.46712399099988,left,1,0.3805225229998541,117.96664620599995,None,,,,,,,,,,,P_LFJ,2,Prac,Vertex,2021_Jul_26_0940,nBack_prac,2021.1.4,59.84766626388586,
1,,,,,,,,,0,0,0,0,0,0,0,0,2,0,2,0,,,,,,,,,,,,,,,,,,,,,,,,,,,,,,,,,,,2,T,1,,,,,,,,,,,,,,,,,,,120.93477978400006,122.93586113599986,120.45495367800004,120.96814878600026,right,1,0.38311162999980297,120.45495367800004,None,,,,,,,,,,,P_LFJ,2,Prac,Vertex,2021_Jul_26_0940,nBack_prac,2021.1.4,59.84766626388586,
1,,,,,,,,,0,0,0,0,0,0,0,0,3,0,3,0,,,,,,,,,,,,,,,,,,,,,,,,,,,,,,,,,,,3,L,0,,,,,,,,,,,,,,,,,,,123.45282507399997,None,122.96923975800019,123.46955437999986,left,1,0.42865930400012076,122.96923975800019,None,,,,,,,,,,,P_LFJ,2,Prac,Vertex,2021_Jul_26_0940,nBack_prac,2021.1.4,59.84766626388586,
1,,,,,,,,,0,0,0,0,0,0,0,0,4,0,4,0,,,,,,,,,,,,,,,,,,,,,,,,,,,,,,,,,,,4,G,0,,,,,,,,,,,,,,,,,,,125.93711490299984,127.93817221300014,125.45751095300011,125.97047064000026,left,1,0.6831630430001496,125.45751095300011,None,,,,,,,,,,,P_LFJ,2,Prac,Vertex,2021_Jul_26_0940,nBack_prac,2021.1.4,59.84766626388586,
1,,,,,,,,,0,0,0,0,0,0,0,0,5,0,5,0,,,,,,,,,,,,,,,,,,,,,,,,,,,,,,,,,,,5,G,1,,,,,,,,,,,,,,,,,,,128.438415093,130.4393265130002,127.95797337500017,128.47167324300017,right,1,0.4586488649997591,127.95797337500017,None,,,,,,,,,,,P_LFJ,2,Prac,Vertex,2021_Jul_26_0940,nBack_prac,2021.1.4,59.84766626388586,
1,,,,,,,,,0,0,0,0,0,0,0,0,6,0,6,0,,,,,,,,,,,,,,,,,,,,,,,,,,,,,,,,,,,6,F,0,,,,,,,,,,,,,,,,,,,130.93922040300004,132.94019035700012,130.45991771700028,130.97245516500016,left,1,0.4483960899997328,130.45991771700028,None,,,,,,,,,,,P_LFJ,2,Prac,Vertex,2021_Jul_26_0940,nBack_prac,2021.1.4,59.84766626388586,
1,,,,,,,,,0,0,0,0,0,0,0,0,7,0,7,0,,,,,,,,,,,,,,,,,,,,,,,,,,,,,,,,,,,7,D,0,,,,,,,,,,,,,,,,,,,133.44039102500028,135.4412874049999,132.95975646500028,133.47367531300006,left,1,0.4813783740000872,132.95975646500028,None,,,,,,,,,,,P_LFJ,2,Prac,Vertex,2021_Jul_26_0940,nBack_prac,2021.1.4,59.84766626388586,
1,,,,,,,,,0,0,0,0,0,0,0,0,8,0,8,0,,,,,,,,,,,,,,,,,,,,,,,,,,,,,,,,,,,8,G,0,,,,,,,,,,,,,,,,,,,135.94161479500008,137.94242624700018,135.46009748699998,135.97493955900018,left,1,0.5418807279997964,135.46009748699998,None,,,,,,,,,,,P_LFJ,2,Prac,Vertex,2021_Jul_26_0940,nBack_prac,2021.1.4,59.84766626388586,
1,,,,,,,,,0,0,0,0,0,0,0,0,9,0,9,0,,,,,,,,,,,,,,,,,,,,,,,,,,,,,,,,,,,9,G,1,,,,,,,,,,,,,,,,,,,138.44280820199992,140.44360571200014,137.95929658900013,138.45967179399986,right,1,0.3468575189999683,137.95929658900013,None,,,,,,,,,,,P_LFJ,2,Prac,Vertex,2021_Jul_26_0940,nBack_prac,2021.1.4,59.84766626388586,
1,,,,,,,,,0,0,0,0,0,0,0,0,10,0,10,0,,,,,,,,,,,,,,,,,,,,,,,,,,,,,,,,,,,10,F,0,,,,,,,,,,,,,,,,,,,140.94390623200024,142.94487448200016,140.46392119700022,140.97719122599983,left,1,0.3147577569998248,140.46392119700022,None,,,,,,,,,,,P_LFJ,2,Prac,Vertex,2021_Jul_26_0940,nBack_prac,2021.1.4,59.84766626388586,
1,,,,,,,,,0,0,0,0,0,0,0,0,11,0,11,0,,,,,,,,,,,,,,,,,,,,,,,,,,,,,,,,,,,11,L,0,,,,,,,,,,,,,,,,,,,143.44501490599987,145.445945896,142.9647667459999,143.47838578600022,left,1,0.3468407819996173,142.9647667459999,None,,,,,,,,,,,P_LFJ,2,Prac,Vertex,2021_Jul_26_0940,nBack_prac,2021.1.4,59.84766626388586,
1,,,,,,,,,0,0,0,0,0,0,0,0,12,0,12,0,,,,,,,,,,,,,,,,,,,,,,,,,,,,,,,,,,,12,L,1,,,,,,,,,,,,,,,,,,,145.9458201739999,147.9471502780002,145.4648350540001,145.9795587819999,right,1,0.3138086040003145,145.4648350540001,None,,,,,,,,,,,P_LFJ,2,Prac,Vertex,2021_Jul_26_0940,nBack_prac,2021.1.4,59.84766626388586,
1,,,,,,,,,0,0,0,0,0,0,0,0,13,0,13,0,,,,,,,,,,,,,,,,,,,,,,,,,,,,,,,,,,,13,N,0,,,,,,,,,,,,,,,,,,,148.44775859799984,None,147.9672664059999,148.4809772839999,left,1,0.27015594499971485,147.9672664059999,None,,,,,,,,,,,P_LFJ,2,Prac,Vertex,2021_Jul_26_0940,nBack_prac,2021.1.4,59.84766626388586,
1,,,,,,,,,0,0,0,0,0,0,0,0,14,0,14,0,,,,,,,,,,,,,,,,,,,,,,,,,,,,,,,,,,,14,T,0,,,,,,,,,,,,,,,,,,,150.93408174600017,None,150.45041937199994,150.94874253800026,left,1,0.354835622000337,150.45041937199994,None,,,,,,,,,,,P_LFJ,2,Prac,Vertex,2021_Jul_26_0940,nBack_prac,2021.1.4,59.84766626388586,
1,,,,,,,,,0,0,0,0,0,0,0,0,15,0,15,0,,,,,,,,,,,,,,,,,,,,,,,,,,,,,,,,,,,15,T,1,,,,,,,,,,,,,,,,,,,153.4330807629999,155.43414500100016,152.95154438500003,153.46728083400012,right,1,0.3595349450001777,152.95154438500003,None,,,,,,,,,,,P_LFJ,2,Prac,Vertex,2021_Jul_26_0940,nBack_prac,2021.1.4,59.84766626388586,
1,,,,,,,,,0,0,0,0,0,0,0,0,16,0,16,0,,,,,,,,,,,,,,,,,,,,,,,,,,,,,,,,,,,16,C,0,,,,,,,,,,,,,,,,,,,155.93436609299988,157.9352489570001,155.45391950700014,155.96774980500004,left,1,0.32710266000003685,155.45391950700014,None,,,,,,,,,,,P_LFJ,2,Prac,Vertex,2021_Jul_26_0940,nBack_prac,2021.1.4,59.84766626388586,
1,,,,,,,,,0,0,0,0,0,0,0,0,17,0,17,0,,,,,,,,,,,,,,,,,,,,,,,,,,,,,,,,,,,17,C,1,,,,,,,,,,,,,,,,,,,158.43567850499994,160.43648858699999,157.95354384700022,158.46941070499997,right,1,0.34534764299996823,157.95354384700022,None,,,,,,,,,,,P_LFJ,2,Prac,Vertex,2021_Jul_26_0940,nBack_prac,2021.1.4,59.84766626388586,
1,,,,,,,,,0,0,0,0,0,0,0,0,,,,,,,,,,,,,,,,,,,,,,,,,,,,,,,,,,,,,,,,,,,,,,,,,,,,,,,,,,,,,,,,,,,,,160.47029380499998,None,space,2.717133121999723,160.47029380499998,None,,,,,P_LFJ,2,Prac,Vertex,2021_Jul_26_0940,nBack_prac,2021.1.4,59.84766626388586,
1,,,,,,,,,0,0,0,0,,,,,,,,,,,,,,,,,,,,,,,,,,,,,,,,,,,,,,,,,,,,,,,,,,,,,,,,,,,,,,,,,,,,,,,,,,,,,,,,,,,P_LFJ,2,Prac,Vertex,2021_Jul_26_0940,nBack_prac,2021.1.4,59.84766626388586,
2,,,,,,,,,0,1,1,1,0,0,0,0,0,0,0,0,,,,,,,,,,,,,,,,,,,,,,,,,,,,,,,,,165.90502566400028,None,0,C,1,,,,,,,,,,,,,,,,,163.2382264769999,None,168.39014519400007,170.39117122200014,167.90979721400026,168.423619142,left,0,0.29215845299995635,167.90979721400026,None,,,,,,,,,,,P_LFJ,2,Prac,Vertex,2021_Jul_26_0940,nBack_prac,2021.1.4,59.84766626388586,
2,,,,,,,,,0,1,1,1,0,0,0,0,1,0,1,0,,,,,,,,,,,,,,,,,,,,,,,,,,,,,,,,,,,1,T,0,,,,,,,,,,,,,,,,,,,170.89110925000023,172.89238282099996,170.40987937599994,170.92481554899996,left,1,0.3157858929998838,170.40987937599994,None,,,,,,,,,,,P_LFJ,2,Prac,Vertex,2021_Jul_26_0940,nBack_prac,2021.1.4,59.84766626388586,
2,,,,,,,,,0,1,1,1,0,0,0,0,2,0,2,0,,,,,,,,,,,,,,,,,,,,,,,,,,,,,,,,,,,2,B,0,,,,,,,,,,,,,,,,,,,173.39257462100022,175.3935040030001,172.91257200100017,173.42598982900017,left,1,0.48904779899976347,172.91257200100017,None,,,,,,,,,,,P_LFJ,2,Prac,Vertex,2021_Jul_26_0940,nBack_prac,2021.1.4,59.84766626388586,
2,,,,,,,,,0,1,1,1,0,0,0,0,3,0,3,0,,,,,,,,,,,,,,,,,,,,,,,,,,,,,,,,,,,3,T,1,,,,,,,,,,,,,,,,,,,175.8938633130001,177.89469356500013,175.41176018900023,175.92721787300025,right,1,0.5736984479999592,175.41176018900023,None,,,,,,,,,,,P_LFJ,2,Prac,Vertex,2021_Jul_26_0940,nBack_prac,2021.1.4,59.84766626388586,
2,,,,,,,,,0,1,1,1,0,0,0,0,4,0,4,0,,,,,,,,,,,,,,,,,,,,,,,,,,,,,,,,,,,4,L,0,,,,,,,,,,,,,,,,,,,178.39497127100003,180.39595472300016,177.9133671489999,178.42833759899986,left,1,0.3988217259998237,177.9133671489999,None,,,,,,,,,,,P_LFJ,2,Prac,Vertex,2021_Jul_26_0940,nBack_prac,2021.1.4,59.84766626388586,
2,,,,,,,,,0,1,1,1,0,0,0,0,5,0,5,0,,,,,,,,,,,,,,,,,,,,,,,,,,,,,,,,,,,5,G,0,,,,,,,,,,,,,,,,,,,180.89622639300023,182.89705990499988,180.41434864099983,180.9294953829999,left,1,0.5826912769998671,180.41434864099983,None,,,,,,,,,,,P_LFJ,2,Prac,Vertex,2021_Jul_26_0940,nBack_prac,2021.1.4,59.84766626388586,
2,,,,,,,,,0,1,1,1,0,0,0,0,6,0,6,0,,,,,,,,,,,,,,,,,,,,,,,,,,,,,,,,,,,6,L,1,,,,,,,,,,,,,,,,,,,183.39730379799994,185.39824836200023,182.91529849800008,183.43069489300024,right,1,0.5247331580003447,182.91529849800008,None,,,,,,,,,,,P_LFJ,2,Prac,Vertex,2021_Jul_26_0940,nBack_prac,2021.1.4,59.84766626388586,
2,,,,,,,,,0,1,1,1,0,0,0,0,7,0,7,0,,,,,,,,,,,,,,,,,,,,,,,,,,,,,,,,,,,7,D,0,,,,,,,,,,,,,,,,,,,185.89856886000007,187.8994681439999,185.41660261300012,185.93187145000002,left,1,0.520330142000148,185.41660261300012,None,,,,,,,,,,,P_LFJ,2,Prac,Vertex,2021_Jul_26_0940,nBack_prac,2021.1.4,59.84766626388586,
2,,,,,,,,,0,1,1,1,0,0,0,0,8,0,8,0,,,,,,,,,,,,,,,,,,,,,,,,,,,,,,,,,,,8,F,0,,,,,,,,,,,,,,,,,,,188.40029185999992,190.40063914700022,187.91889678400003,188.43278078799995,left,1,0.5167358950002381,187.91889678400003,None,,,,,,,,,,,P_LFJ,2,Prac,Vertex,2021_Jul_26_0940,nBack_prac,2021.1.4,59.84766626388586,
2,,,,,,,,,0,1,1,1,0,0,0,0,9,0,9,0,,,,,,,,,,,,,,,,,,,,,,,,,,,,,,,,,,,9,T,0,,,,,,,,,,,,,,,,,,,190.90094466400024,192.90193144400018,190.41938783700016,190.93417926700022,left,1,0.43306368499997916,190.41938783700016,None,,,,,,,,,,,P_LFJ,2,Prac,Vertex,2021_Jul_26_0940,nBack_prac,2021.1.4,59.84766626388586,
2,,,,,,,,,0,1,1,1,0,0,0,0,10,0,10,0,,,,,,,,,,,,,,,,,,,,,,,,,,,,,,,,,,,10,F,1,,,,,,,,,,,,,,,,,,,193.40211242400028,195.40304796700002,192.92065439199996,193.43547103699984,right,1,0.6037932319995889,192.92065439199996,None,,,,,,,,,,,P_LFJ,2,Prac,Vertex,2021_Jul_26_0940,nBack_prac,2021.1.4,59.84766626388586,
2,,,,,,,,,0,1,1,1,0,0,0,0,11,0,11,0,,,,,,,,,,,,,,,,,,,,,,,,,,,,,,,,,,,11,B,0,,,,,,,,,,,,,,,,,,,195.9033164110001,197.9042609369999,195.42254563899996,195.9366530110001,left,1,0.3959239319997323,195.42254563899996,None,,,,,,,,,,,P_LFJ,2,Prac,Vertex,2021_Jul_26_0940,nBack_prac,2021.1.4,59.84766626388586,
2,,,,,,,,,0,1,1,1,0,0,0,0,12,0,12,0,,,,,,,,,,,,,,,,,,,,,,,,,,,,,,,,,,,12,G,0,,,,,,,,,,,,,,,,,,,198.4045301629999,200.40539077599988,197.9226314990001,198.43777475100023,left,1,0.4083637359999557,197.9226314990001,None,,,,,,,,,,,P_LFJ,2,Prac,Vertex,2021_Jul_26_0940,nBack_prac,2021.1.4,59.84766626388586,
2,,,,,,,,,0,1,1,1,0,0,0,0,13,0,13,0,,,,,,,,,,,,,,,,,,,,,,,,,,,,,,,,,,,13,B,1,,,,,,,,,,,,,,,,,,,200.90542534299993,202.90704551099998,200.42392149099987,200.93895915300027,right,1,0.33616630999995323,200.42392149099987,None,,,,,,,,,,,P_LFJ,2,Prac,Vertex,2021_Jul_26_0940,nBack_prac,2021.1.4,59.84766626388586,
2,,,,,,,,,0,1,1,1,0,0,0,0,14,0,14,0,,,,,,,,,,,,,,,,,,,,,,,,,,,,,,,,,,,14,P,0,,,,,,,,,,,,,,,,,,,203.406767726,None,202.92579062599998,203.4402076209999,left,1,0.34306036199996015,202.92579062599998,None,,,,,,,,,,,P_LFJ,2,Prac,Vertex,2021_Jul_26_0940,nBack_prac,2021.1.4,59.84766626388586,
2,,,,,,,,,0,1,1,1,0,0,0,0,15,0,15,0,,,,,,,,,,,,,,,,,,,,,,,,,,,,,,,,,,,15,B,1,,,,,,,,,,,,,,,,,,,205.89133434299993,207.89226025000016,205.40968397300003,205.92485257299995,left,0,0.4961416740002278,205.40968397300003,None,,,,,,,,,,,P_LFJ,2,Prac,Vertex,2021_Jul_26_0940,nBack_prac,2021.1.4,59.84766626388586,
2,,,,,,,,,0,1,1,1,0,0,0,0,16,0,16,0,,,,,,,,,,,,,,,,,,,,,,,,,,,,,,,,,,,0,P,1,,,,,,,,,,,,,,,,,,,208.3926730520002,210.39353105600003,207.91186548199994,208.42594367599986,right,1,0.42884628599995267,207.91186548199994,None,,,,,,,,,,,P_LFJ,2,Prac,Vertex,2021_Jul_26_0940,nBack_prac,2021.1.4,59.84766626388586,
2,,,,,,,,,0,1,1,1,0,0,0,0,17,0,17,0,,,,,,,,,,,,,,,,,,,,,,,,,,,,,,,,,,,1,L,0,,,,,,,,,,,,,,,,,,,210.89368593200015,212.89460503500004,210.41183646900026,210.9271838300001,left,1,0.3946062059999349,210.41183646900026,None,,,,,,,,,,,P_LFJ,2,Prac,Vertex,2021_Jul_26_0940,nBack_prac,2021.1.4,59.84766626388586,
2,,,,,,,,,0,1,1,1,0,0,0,0,,,,,,,,,,,,,,,,,,,,,,,,,,,,,,,,,,,,,,,,,,,,,,,,,,,,,,,,,,,,,,,,,,,,,212.92812395200008,None,space,2.1135668720003196,212.92812395200008,None,,,,,P_LFJ,2,Prac,Vertex,2021_Jul_26_0940,nBack_prac,2021.1.4,59.84766626388586,
2,,,,,,,,,0,1,1,1,,,,,,,,,,,,,,,,,,,,,,,,,,,,,,,,,,,,,,,,,,,,,,,,,,,,,,,,,,,,,,,,,,,,,,,,,,,,,,,,,,,P_LFJ,2,Prac,Vertex,2021_Jul_26_0940,nBack_prac,2021.1.4,59.84766626388586,
,,,,,,,,,,,,,,,,,,,,,,,,,,,,,,,,,,,,,,,,,,,,,,,,,,,,,,,,,,,,,,,,,,,1,,,,,,,,,,,,,,,,,,,,,,,,215.0641605320002,None,1,1,,,,,,,,,
