﻿N_prac,trials_3.thisRepN,trials_3.thisTrialN,trials_3.thisN,trials_3.thisIndex,trials.thisRepN,trials.thisTrialN,trials.thisN,trials.thisIndex,trials_2.thisRepN,trials_2.thisTrialN,trials_2.thisN,trials_2.thisIndex,trials_4.thisRepN,trials_4.thisTrialN,trials_4.thisN,trials_4.thisIndex,trials_8.thisRepN,trials_8.thisTrialN,trials_8.thisN,trials_8.thisIndex,key_resp_9.keys,key_resp_9.rt,key_resp_9.started,key_resp_9.stopped,text_6.started,text_6.stopped,image.started,image.stopped,key_resp_10.keys,key_resp_10.rt,key_resp_10.started,key_resp_10.stopped,key_resp_11.keys,key_resp_11.rt,key_resp_11.started,key_resp_11.stopped,image_2.started,image_2.stopped,image_3.started,image_3.stopped,key_resp_12.keys,key_resp_12.rt,key_resp_12.started,key_resp_12.stopped,text_8.started,text_8.stopped,key_resp_14.keys,key_resp_14.rt,key_resp_14.started,key_resp_14.stopped,text_2.started,text_2.stopped,fixation_start.started,fixation_start.stopped,trialCount,itemPresented,trialType,fixation_3.started,fixation_3.stopped,letter_0back.started,letter_0back.stopped,key_resp_5.keys,key_resp_5.corr,key_resp_5.rt,key_resp_5.started,key_resp_5.stopped,pracRep0,text_4.started,text_4.stopped,key_resp_7.keys,key_resp_7.rt,key_resp_7.started,key_resp_7.stopped,instructionsTxt.started,instructionsTxt.stopped,fixation.started,fixation.stopped,letter.started,letter.stopped,key_resp_2.keys,key_resp_2.corr,key_resp_2.rt,key_resp_2.started,key_resp_2.stopped,text_5.started,text_5.stopped,key_resp_8.keys,key_resp_8.rt,key_resp_8.started,key_resp_8.stopped,text.started,text.stopped,pracRepN1,pracRepN2,participant,counterbalance,session (Prac, Pre, Post),stim site,date,expName,psychopyVersion,frameRate,
,,,,,,,,,,,,,,,,,,,,,space,2.7173996379999608,30.4127835769998,None,,,,,,,,,,,,,,,,,,,,,,,,,,,,,,,,,,,,,,,,,,,,,,,,,,,,,,,,,,,,,,,,,,,,,,,PVTE,1,Prac,FPCNB,2021_Jul_15_1328,nBack_prac,2021.1.4,59.97252466733217,
,,,,,,,,,,,,,,,,,,,,,,,,,30.4127835769998,None,33.16416759499998,None,space,2.72286482100003,33.16416759499998,None,,,,,,,,,,,,,,,,,,,,,,,,,,,,,,,,,,,,,,,,,,,,,,,,,,,,,,,,,,,,,,,PVTE,1,Prac,FPCNB,2021_Jul_15_1328,nBack_prac,2021.1.4,59.97252466733217,
,,,,,,,,,,,,,,,,,,,,,,,,,,,,,,,,,space,0.5716677740001614,35.91118130299992,None,,,,,,,,,,,,,,,,,,,,,,,,,,,,,,,,,,,,,,,,,,,,,,,,,,,,,,,,,,,PVTE,1,Prac,FPCNB,2021_Jul_15_1328,nBack_prac,2021.1.4,59.97252466733217,
,,,,,,,,,,,,,,,,,,,,,,,,,,,,,,,,,,,,,35.91118130299992,None,36.510832616000016,None,space,0.36483856500012735,36.510832616000016,None,,,,,,,,,,,,,,,,,,,,,,,,,,,,,,,,,,,,,,,,,,,,,,,,,,,PVTE,1,Prac,FPCNB,2021_Jul_15_1328,nBack_prac,2021.1.4,59.97252466733217,
,,,,,,,,,,,,,,,,,,,,,,,,,,,,,,,,,,,,,,,,,,,,,36.907728960999975,None,space,0.3890448430001925,36.907728960999975,None,,,,,,,,,,,,,,,,,,,,,,,,,,,,,,,,,,,,,,,,,,,,,PVTE,1,Prac,FPCNB,2021_Jul_15_1328,nBack_prac,2021.1.4,59.97252466733217,
,0,0,0,0,0,0,0,0,,,,,,,,,,,,,,,,,,,,,,,,,,,,,,,,,,,,,,,,,,,37.32722925600001,None,37.757452939999894,None,0,N,0,40.243290177999825,42.243964387999995,39.7760424139999,40.27604901199993,left,1,0.8523954429999776,39.7760424139999,None,,,,,,,,,,,,,,,,,,,,,,,,,,,,,PVTE,1,Prac,FPCNB,2021_Jul_15_1328,nBack_prac,2021.1.4,59.97252466733217,
,0,0,0,0,1,0,1,0,,,,,,,,,,,,,,,,,,,,,,,,,,,,,,,,,,,,,,,,,,,,,,,1,N,0,42.74424965200001,44.74486816499984,42.27744373199994,42.77796115299998,right,0,1.6980855499998597,42.27744373199994,None,,,,,,,,,,,,,,,,,,,,,,,,,,,,,PVTE,1,Prac,FPCNB,2021_Jul_15_1328,nBack_prac,2021.1.4,59.97252466733217,
,0,0,0,0,2,0,2,0,,,,,,,,,,,,,,,,,,,,,,,,,,,,,,,,,,,,,,,,,,,,,,,2,X,1,45.24514839499989,47.24616118199992,44.76477018999981,45.27815919,None,0,,44.76477018999981,None,,,,,,,,,,,,,,,,,,,,,,,,,,,,,PVTE,1,Prac,FPCNB,2021_Jul_15_1328,nBack_prac,2021.1.4,59.97252466733217,
,0,0,0,0,3,0,3,0,,,,,,,,,,,,,,,,,,,,,,,,,,,,,,,,,,,,,,,,,,,,,,,3,F,0,47.74638871000002,49.747329318999846,47.26615963999984,47.77967145999992,right,0,1.6512787110000318,47.26615963999984,None,,,,,,,,,,,,,,,,,,,,,,,,,,,,,PVTE,1,Prac,FPCNB,2021_Jul_15_1328,nBack_prac,2021.1.4,59.97252466733217,
,0,0,0,0,4,0,4,0,,,,,,,,,,,,,,,,,,,,,,,,,,,,,,,,,,,,,,,,,,,,,,,4,X,1,50.24761103699984,52.24843994699995,49.767385932000025,50.280826254999965,right,1,0.8319432670000424,49.767385932000025,None,,,,,,,,,,,,,,,,,,,,,,,,,,,,,PVTE,1,Prac,FPCNB,2021_Jul_15_1328,nBack_prac,2021.1.4,59.97252466733217,
,0,0,0,0,5,0,5,0,,,,,,,,,,,,,,,,,,,,,,,,,,,,,,,,,,,,,,,,,,,,,,,5,D,0,52.74868831100002,54.749728860999994,52.26862784899981,52.781960318999836,left,1,0.642598745999976,52.26862784899981,None,,,,,,,,,,,,,,,,,,,,,,,,,,,,,PVTE,1,Prac,FPCNB,2021_Jul_15_1328,nBack_prac,2021.1.4,59.97252466733217,
,0,0,0,0,6,0,6,0,,,,,,,,,,,,,,,,,,,,,,,,,,,,,,,,,,,,,,,,,,,,,,,6,P,0,55.25038014799998,57.250797868999825,54.76908153399995,55.28318305399989,left,1,0.43001294000009693,54.76908153399995,None,,,,,,,,,,,,,,,,,,,,,,,,,,,,,PVTE,1,Prac,FPCNB,2021_Jul_15_1328,nBack_prac,2021.1.4,59.97252466733217,
,0,0,0,0,7,0,7,0,,,,,,,,,,,,,,,,,,,,,,,,,,,,,,,,,,,,,,,,,,,,,,,7,X,1,57.75115204099984,59.752069656,57.26955414899999,57.784099494999964,right,1,0.4893596570000227,57.26955414899999,None,,,,,,,,,,,,,,,,,,,,,,,,,,,,,PVTE,1,Prac,FPCNB,2021_Jul_15_1328,nBack_prac,2021.1.4,59.97252466733217,
,0,0,0,0,8,0,8,0,,,,,,,,,,,,,,,,,,,,,,,,,,,,,,,,,,,,,,,,,,,,,,,8,B,0,60.25241049800002,62.25314887799982,59.771784277999814,60.28570499599982,left,1,0.47384809300001507,59.771784277999814,None,,,,,,,,,,,,,,,,,,,,,,,,,,,,,PVTE,1,Prac,FPCNB,2021_Jul_15_1328,nBack_prac,2021.1.4,59.97252466733217,
,0,0,0,0,9,0,9,0,,,,,,,,,,,,,,,,,,,,,,,,,,,,,,,,,,,,,,,,,,,,,,,9,X,1,62.753320266999935,64.75457110999992,62.27174819999982,62.78683137799999,right,1,0.47381961999985833,62.27174819999982,None,,,,,,,,,,,,,,,,,,,,,,,,,,,,,PVTE,1,Prac,FPCNB,2021_Jul_15_1328,nBack_prac,2021.1.4,59.97252466733217,
,0,0,0,0,10,0,10,0,,,,,,,,,,,,,,,,,,,,,,,,,,,,,,,,,,,,,,,,,,,,,,,10,C,0,65.25474378299987,67.255758453,64.77452492599991,65.28802445799988,left,1,0.4969404600001326,64.77452492599991,None,,,,,,,,,,,,,,,,,,,,,,,,,,,,,PVTE,1,Prac,FPCNB,2021_Jul_15_1328,nBack_prac,2021.1.4,59.97252466733217,
,0,0,0,0,11,0,11,0,,,,,,,,,,,,,,,,,,,,,,,,,,,,,,,,,,,,,,,,,,,,,,,11,C,0,67.75574658999994,69.75679560999993,67.27523344799988,67.78916274499989,left,1,0.6908831349999218,67.27523344799988,None,,,,,,,,,,,,,,,,,,,,,,,,,,,,,PVTE,1,Prac,FPCNB,2021_Jul_15_1328,nBack_prac,2021.1.4,59.97252466733217,
,0,0,0,0,12,0,12,0,,,,,,,,,,,,,,,,,,,,,,,,,,,,,,,,,,,,,,,,,,,,,,,12,X,1,70.25693979499988,72.25795849899987,69.77512845799993,70.29101879699988,right,1,0.6819407370001045,69.77512845799993,None,,,,,,,,,,,,,,,,,,,,,,,,,,,,,PVTE,1,Prac,FPCNB,2021_Jul_15_1328,nBack_prac,2021.1.4,59.97252466733217,
,0,0,0,0,13,0,13,0,,,,,,,,,,,,,,,,,,,,,,,,,,,,,,,,,,,,,,,,,,,,,,,13,P,0,72.75832990699996,None,72.27782025299985,72.79179686899988,left,1,0.6551298679999036,72.27782025299985,None,,,,,,,,,,,,,,,,,,,,,,,,,,,,,PVTE,1,Prac,FPCNB,2021_Jul_15_1328,nBack_prac,2021.1.4,59.97252466733217,
,0,0,0,0,14,0,14,0,,,,,,,,,,,,,,,,,,,,,,,,,,,,,,,,,,,,,,,,,,,,,,,14,C,0,75.24265134899997,77.24350985199999,74.76101891500002,75.27604991499993,left,1,0.6486909420000302,74.76101891500002,None,,,,,,,,,,,,,,,,,,,,,,,,,,,,,PVTE,1,Prac,FPCNB,2021_Jul_15_1328,nBack_prac,2021.1.4,59.97252466733217,
,0,0,0,0,15,0,15,0,,,,,,,,,,,,,,,,,,,,,,,,,,,,,,,,,,,,,,,,,,,,,,,15,P,0,77.743832849,79.74467948400002,77.26379617199996,77.77720775699981,left,1,0.5789821119999488,77.26379617199996,None,,,,,,,,,,,,,,,,,,,,,,,,,,,,,PVTE,1,Prac,FPCNB,2021_Jul_15_1328,nBack_prac,2021.1.4,59.97252466733217,
,0,0,0,0,16,0,16,0,,,,,,,,,,,,,,,,,,,,,,,,,,,,,,,,,,,,,,,,,,,,,,,16,B,0,80.24514872700001,82.24598705199992,79.76482816899988,80.27805931900002,left,1,0.379673645000139,79.76482816899988,None,,,,,,,,,,,,,,,,,,,,,,,,,,,,,PVTE,1,Prac,FPCNB,2021_Jul_15_1328,nBack_prac,2021.1.4,59.97252466733217,
,0,0,0,0,17,0,17,0,,,,,,,,,,,,,,,,,,,,,,,,,,,,,,,,,,,,,,,,,,,,,,,17,X,1,82.74631934199988,84.74711839799988,82.26454928899989,82.77966990200002,right,1,0.40379768899992996,82.26454928899989,None,,,,,,,,,,,,,,,,,,,,,,,,,,,,,PVTE,1,Prac,FPCNB,2021_Jul_15_1328,nBack_prac,2021.1.4,59.97252466733217,
,0,0,0,0,,,,,,,,,,,,,,,,,,,,,,,,,,,,,,,,,,,,,,,,,,,,,,,,,,,,,,,,,,,,,,,1,84.780364104,None,space,1.1797992819999763,84.780364104,None,,,,,,,,,,,,,,,,,,,,,,PVTE,1,Prac,FPCNB,2021_Jul_15_1328,nBack_prac,2021.1.4,59.97252466733217,
1,,,,,,,,,0,0,0,0,0,0,0,0,0,0,0,0,,,,,,,,,,,,,,,,,,,,,,,,,,,,,,,,,87.01381349099984,None,0,P,0,,,,,,,,,,,,,,,,,86.03151549599988,None,89.49969853099992,91.50023665100002,89.03219136299981,89.53261000799989,left,1,0.33076312200000757,89.03219136299981,None,,,,,,,,,,,PVTE,1,Prac,FPCNB,2021_Jul_15_1328,nBack_prac,2021.1.4,59.97252466733217,
1,,,,,,,,,0,0,0,0,0,0,0,0,1,0,1,0,,,,,,,,,,,,,,,,,,,,,,,,,,,,,,,,,,,1,D,0,,,,,,,,,,,,,,,,,,,92.0007466049999,94.0017301649998,91.5206180109999,92.03385217099981,left,1,0.4041076469998188,91.5206180109999,None,,,,,,,,,,,PVTE,1,Prac,FPCNB,2021_Jul_15_1328,nBack_prac,2021.1.4,59.97252466733217,
1,,,,,,,,,0,0,0,0,0,0,0,0,2,0,2,0,,,,,,,,,,,,,,,,,,,,,,,,,,,,,,,,,,,2,B,0,,,,,,,,,,,,,,,,,,,94.50177661299995,96.50266760499994,94.03535929700001,94.53501337299986,left,1,0.5062841950000347,94.03535929700001,None,,,,,,,,,,,PVTE,1,Prac,FPCNB,2021_Jul_15_1328,nBack_prac,2021.1.4,59.97252466733217,
1,,,,,,,,,0,0,0,0,0,0,0,0,3,0,3,0,,,,,,,,,,,,,,,,,,,,,,,,,,,,,,,,,,,3,B,1,,,,,,,,,,,,,,,,,,,97.00288514099998,99.00386656299997,96.51975497099988,97.01968883099994,right,1,0.39360096200016415,96.51975497099988,None,,,,,,,,,,,PVTE,1,Prac,FPCNB,2021_Jul_15_1328,nBack_prac,2021.1.4,59.97252466733217,
1,,,,,,,,,0,0,0,0,0,0,0,0,4,0,4,0,,,,,,,,,,,,,,,,,,,,,,,,,,,,,,,,,,,4,N,0,,,,,,,,,,,,,,,,,,,99.50417614499997,101.50503447699998,99.02413514699992,99.53749904300003,left,1,0.6140130799999497,99.02413514699992,None,,,,,,,,,,,PVTE,1,Prac,FPCNB,2021_Jul_15_1328,nBack_prac,2021.1.4,59.97252466733217,
1,,,,,,,,,0,0,0,0,0,0,0,0,5,0,5,0,,,,,,,,,,,,,,,,,,,,,,,,,,,,,,,,,,,5,B,0,,,,,,,,,,,,,,,,,,,102.00533593499995,104.00619465,101.52379230199995,102.03857820199983,left,1,0.7483122989999629,101.52379230199995,None,,,,,,,,,,,PVTE,1,Prac,FPCNB,2021_Jul_15_1328,nBack_prac,2021.1.4,59.97252466733217,
1,,,,,,,,,0,0,0,0,0,0,0,0,6,0,6,0,,,,,,,,,,,,,,,,,,,,,,,,,,,,,,,,,,,6,N,0,,,,,,,,,,,,,,,,,,,104.50651352999989,106.50757279599998,104.025539213,104.53996173199994,right,0,0.6413285979999728,104.025539213,None,,,,,,,,,,,PVTE,1,Prac,FPCNB,2021_Jul_15_1328,nBack_prac,2021.1.4,59.97252466733217,
1,,,,,,,,,0,0,0,0,0,0,0,0,7,0,7,0,,,,,,,,,,,,,,,,,,,,,,,,,,,,,,,,,,,7,N,1,,,,,,,,,,,,,,,,,,,107.00783383399994,109.00869365199992,106.5244817759999,107.02430310599993,right,1,0.4143683360000523,106.5244817759999,None,,,,,,,,,,,PVTE,1,Prac,FPCNB,2021_Jul_15_1328,nBack_prac,2021.1.4,59.97252466733217,
1,,,,,,,,,0,0,0,0,0,0,0,0,8,0,8,0,,,,,,,,,,,,,,,,,,,,,,,,,,,,,,,,,,,8,F,0,,,,,,,,,,,,,,,,,,,109.50881846399989,111.50974963599992,109.02873285399983,109.5422493489998,left,1,1.153342258000066,109.02873285399983,None,,,,,,,,,,,PVTE,1,Prac,FPCNB,2021_Jul_15_1328,nBack_prac,2021.1.4,59.97252466733217,
1,,,,,,,,,0,0,0,0,0,0,0,0,9,0,9,0,,,,,,,,,,,,,,,,,,,,,,,,,,,,,,,,,,,9,F,1,,,,,,,,,,,,,,,,,,,112.00963977799984,114.01102679899986,111.52672227099993,112.02679213399983,left,0,2.3787543529999766,111.52672227099993,None,,,,,,,,,,,PVTE,1,Prac,FPCNB,2021_Jul_15_1328,nBack_prac,2021.1.4,59.97252466733217,
1,,,,,,,,,0,0,0,0,0,0,0,0,10,0,10,0,,,,,,,,,,,,,,,,,,,,,,,,,,,,,,,,,,,10,T,0,,,,,,,,,,,,,,,,,,,114.51128007599982,116.51244021499997,114.03103051099993,114.54420212899981,left,1,2.3362401009999303,114.03103051099993,None,,,,,,,,,,,PVTE,1,Prac,FPCNB,2021_Jul_15_1328,nBack_prac,2021.1.4,59.97252466733217,
1,,,,,,,,,0,0,0,0,0,0,0,0,11,0,11,0,,,,,,,,,,,,,,,,,,,,,,,,,,,,,,,,,,,11,P,0,,,,,,,,,,,,,,,,,,,117.01243265499988,119.01345253299996,116.52971384900002,117.02887154799987,left,1,2.3054084329999114,116.52971384900002,None,,,,,,,,,,,PVTE,1,Prac,FPCNB,2021_Jul_15_1328,nBack_prac,2021.1.4,59.97252466733217,
1,,,,,,,,,0,0,0,0,0,0,0,0,12,0,12,0,,,,,,,,,,,,,,,,,,,,,,,,,,,,,,,,,,,12,P,1,,,,,,,,,,,,,,,,,,,119.51320413799999,121.51454556999988,119.04671549099999,119.54690198100002,right,1,1.4862814779999098,119.04671549099999,None,,,,,,,,,,,PVTE,1,Prac,FPCNB,2021_Jul_15_1328,nBack_prac,2021.1.4,59.97252466733217,
1,,,,,,,,,0,0,0,0,0,0,0,0,13,0,13,0,,,,,,,,,,,,,,,,,,,,,,,,,,,,,,,,,,,13,L,0,,,,,,,,,,,,,,,,,,,122.014973715,124.01548473499997,121.5344469329998,122.04807788499988,left,1,0.5955349890000434,121.5344469329998,None,,,,,,,,,,,PVTE,1,Prac,FPCNB,2021_Jul_15_1328,nBack_prac,2021.1.4,59.97252466733217,
1,,,,,,,,,0,0,0,0,0,0,0,0,14,0,14,0,,,,,,,,,,,,,,,,,,,,,,,,,,,,,,,,,,,14,L,1,,,,,,,,,,,,,,,,,,,124.51566756499983,None,124.03491985799997,124.54904137999984,left,0,0.4128763979999803,124.03491985799997,None,,,,,,,,,,,PVTE,1,Prac,FPCNB,2021_Jul_15_1328,nBack_prac,2021.1.4,59.97252466733217,
1,,,,,,,,,0,0,0,0,0,0,0,0,15,0,15,0,,,,,,,,,,,,,,,,,,,,,,,,,,,,,,,,,,,15,B,0,,,,,,,,,,,,,,,,,,,127.000326632,129.00157739799988,126.51996858799998,127.0336121639998,left,1,0.6426210679999258,126.51996858799998,None,,,,,,,,,,,PVTE,1,Prac,FPCNB,2021_Jul_15_1328,nBack_prac,2021.1.4,59.97252466733217,
1,,,,,,,,,0,0,0,0,0,0,0,0,16,0,16,0,,,,,,,,,,,,,,,,,,,,,,,,,,,,,,,,,,,16,B,1,,,,,,,,,,,,,,,,,,,129.501960714,131.50235357399993,129.01917652399993,129.51823973,right,1,0.4773982540000361,129.01917652399993,None,,,,,,,,,,,PVTE,1,Prac,FPCNB,2021_Jul_15_1328,nBack_prac,2021.1.4,59.97252466733217,
1,,,,,,,,,0,0,0,0,0,0,0,0,17,0,17,0,,,,,,,,,,,,,,,,,,,,,,,,,,,,,,,,,,,17,P,0,,,,,,,,,,,,,,,,,,,132.0027090819999,134.0035479239998,131.52098857499982,132.03600833399992,left,1,0.44218272800003433,131.52098857499982,None,,,,,,,,,,,PVTE,1,Prac,FPCNB,2021_Jul_15_1328,nBack_prac,2021.1.4,59.97252466733217,
1,,,,,,,,,0,0,0,0,0,0,0,0,,,,,,,,,,,,,,,,,,,,,,,,,,,,,,,,,,,,,,,,,,,,,,,,,,,,,,,,,,,,,,,,,,,,,134.03763557899993,None,space,1.2438712000000578,134.03763557899993,None,,,,,PVTE,1,Prac,FPCNB,2021_Jul_15_1328,nBack_prac,2021.1.4,59.97252466733217,
1,,,,,,,,,0,0,0,0,,,,,,,,,,,,,,,,,,,,,,,,,,,,,,,,,,,,,,,,,,,,,,,,,,,,,,,,,,,,,,,,,,,,,,,,,,,,,,,,,,,PVTE,1,Prac,FPCNB,2021_Jul_15_1328,nBack_prac,2021.1.4,59.97252466733217,
2,,,,,,,,,0,1,1,1,0,0,0,0,0,0,0,0,,,,,,,,,,,,,,,,,,,,,,,,,,,,,,,,,136.65428067699986,None,0,G,0,,,,,,,,,,,,,,,,,135.33787498399988,None,139.13930732099993,141.14030507099983,138.65858349899986,139.17266114699987,left,1,0.8595706959999916,138.65858349899986,None,,,,,,,,,,,PVTE,1,Prac,FPCNB,2021_Jul_15_1328,nBack_prac,2021.1.4,59.97252466733217,
2,,,,,,,,,0,1,1,1,0,0,0,0,1,0,1,0,,,,,,,,,,,,,,,,,,,,,,,,,,,,,,,,,,,1,N,0,,,,,,,,,,,,,,,,,,,141.64056352900002,143.64159337299998,141.16003558299985,141.6734956119999,left,1,0.36005787500016595,141.16003558299985,None,,,,,,,,,,,PVTE,1,Prac,FPCNB,2021_Jul_15_1328,nBack_prac,2021.1.4,59.97252466733217,
2,,,,,,,,,0,1,1,1,0,0,0,0,2,0,2,0,,,,,,,,,,,,,,,,,,,,,,,,,,,,,,,,,,,2,G,1,,,,,,,,,,,,,,,,,,,144.14182758099992,146.14257937000002,143.65968317599982,144.175208183,right,1,0.4081637070000852,143.65968317599982,None,,,,,,,,,,,PVTE,1,Prac,FPCNB,2021_Jul_15_1328,nBack_prac,2021.1.4,59.97252466733217,
2,,,,,,,,,0,1,1,1,0,0,0,0,3,0,3,0,,,,,,,,,,,,,,,,,,,,,,,,,,,,,,,,,,,3,L,0,,,,,,,,,,,,,,,,,,,146.6428321899998,148.643748942,146.16091530999984,146.67590783799983,left,1,0.44789365399992676,146.16091530999984,None,,,,,,,,,,,PVTE,1,Prac,FPCNB,2021_Jul_15_1328,nBack_prac,2021.1.4,59.97252466733217,
2,,,,,,,,,0,1,1,1,0,0,0,0,4,0,4,0,,,,,,,,,,,,,,,,,,,,,,,,,,,,,,,,,,,4,C,0,,,,,,,,,,,,,,,,,,,149.1441456399998,151.14518039199993,148.66301783199992,149.1773679999999,left,1,0.6105566399999134,148.66301783199992,None,,,,,,,,,,,PVTE,1,Prac,FPCNB,2021_Jul_15_1328,nBack_prac,2021.1.4,59.97252466733217,
2,,,,,,,,,0,1,1,1,0,0,0,0,5,0,5,0,,,,,,,,,,,,,,,,,,,,,,,,,,,,,,,,,,,5,P,0,,,,,,,,,,,,,,,,,,,151.645215345,153.64633937999997,151.16367256199987,151.67862178799987,left,1,0.44957623799996327,151.16367256199987,None,,,,,,,,,,,PVTE,1,Prac,FPCNB,2021_Jul_15_1328,nBack_prac,2021.1.4,59.97252466733217,
2,,,,,,,,,0,1,1,1,0,0,0,0,6,0,6,0,,,,,,,,,,,,,,,,,,,,,,,,,,,,,,,,,,,6,D,0,,,,,,,,,,,,,,,,,,,154.14666739999984,156.14744461700002,153.66553963499996,154.17997905999982,left,1,0.4267727730000388,153.66553963499996,None,,,,,,,,,,,PVTE,1,Prac,FPCNB,2021_Jul_15_1328,nBack_prac,2021.1.4,59.97252466733217,
2,,,,,,,,,0,1,1,1,0,0,0,0,7,0,7,0,,,,,,,,,,,,,,,,,,,,,,,,,,,,,,,,,,,7,P,1,,,,,,,,,,,,,,,,,,,156.64757451899982,158.6485717989999,156.16573422199986,156.68095973699997,right,1,0.5773630449998564,156.16573422199986,None,,,,,,,,,,,PVTE,1,Prac,FPCNB,2021_Jul_15_1328,nBack_prac,2021.1.4,59.97252466733217,
2,,,,,,,,,0,1,1,1,0,0,0,0,8,0,8,0,,,,,,,,,,,,,,,,,,,,,,,,,,,,,,,,,,,8,F,0,,,,,,,,,,,,,,,,,,,159.148468825,161.14970861899997,158.66723608899997,159.18211766499985,left,1,0.4645449039999221,158.66723608899997,None,,,,,,,,,,,PVTE,1,Prac,FPCNB,2021_Jul_15_1328,nBack_prac,2021.1.4,59.97252466733217,
2,,,,,,,,,0,1,1,1,0,0,0,0,9,0,9,0,,,,,,,,,,,,,,,,,,,,,,,,,,,,,,,,,,,9,P,1,,,,,,,,,,,,,,,,,,,161.65002271899994,163.6517194009998,161.16840589699996,161.68328313899997,right,1,0.6274916000002122,161.16840589699996,None,,,,,,,,,,,PVTE,1,Prac,FPCNB,2021_Jul_15_1328,nBack_prac,2021.1.4,59.97252466733217,
2,,,,,,,,,0,1,1,1,0,0,0,0,10,0,10,0,,,,,,,,,,,,,,,,,,,,,,,,,,,,,,,,,,,10,G,0,,,,,,,,,,,,,,,,,,,164.15123690099995,166.152093164,163.66882549499996,164.16784628599999,left,1,0.6017602039999019,163.66882549499996,None,,,,,,,,,,,PVTE,1,Prac,FPCNB,2021_Jul_15_1328,nBack_prac,2021.1.4,59.97252466733217,
2,,,,,,,,,0,1,1,1,0,0,0,0,11,0,11,0,,,,,,,,,,,,,,,,,,,,,,,,,,,,,,,,,,,11,F,0,,,,,,,,,,,,,,,,,,,166.65242415599982,168.65325356799985,166.17052222099983,166.68593222599998,left,1,0.46509455499995056,166.17052222099983,None,,,,,,,,,,,PVTE,1,Prac,FPCNB,2021_Jul_15_1328,nBack_prac,2021.1.4,59.97252466733217,
2,,,,,,,,,0,1,1,1,0,0,0,0,12,0,12,0,,,,,,,,,,,,,,,,,,,,,,,,,,,,,,,,,,,12,G,1,,,,,,,,,,,,,,,,,,,169.15359483999987,171.15463097999987,168.67263205799986,169.18694404999997,right,1,0.64856400199983,168.67263205799986,None,,,,,,,,,,,PVTE,1,Prac,FPCNB,2021_Jul_15_1328,nBack_prac,2021.1.4,59.97252466733217,
2,,,,,,,,,0,1,1,1,0,0,0,0,13,0,13,0,,,,,,,,,,,,,,,,,,,,,,,,,,,,,,,,,,,13,N,0,,,,,,,,,,,,,,,,,,,171.65465312399988,173.65565526,171.17257277999988,171.68814222399988,left,1,0.5477615759998571,171.17257277999988,None,,,,,,,,,,,PVTE,1,Prac,FPCNB,2021_Jul_15_1328,nBack_prac,2021.1.4,59.97252466733217,
2,,,,,,,,,0,1,1,1,0,0,0,0,14,0,14,0,,,,,,,,,,,,,,,,,,,,,,,,,,,,,,,,,,,14,G,1,,,,,,,,,,,,,,,,,,,174.15599109599998,None,173.67437092599994,174.1892233179999,right,1,0.6995158319998609,173.67437092599994,None,,,,,,,,,,,PVTE,1,Prac,FPCNB,2021_Jul_15_1328,nBack_prac,2021.1.4,59.97252466733217,
2,,,,,,,,,0,1,1,1,0,0,0,0,15,0,15,0,,,,,,,,,,,,,,,,,,,,,,,,,,,,,,,,,,,15,P,0,,,,,,,,,,,,,,,,,,,176.640505673,178.64140383999984,176.15900992299999,176.67383838299997,left,1,0.5889008149999881,176.15900992299999,None,,,,,,,,,,,PVTE,1,Prac,FPCNB,2021_Jul_15_1328,nBack_prac,2021.1.4,59.97252466733217,
2,,,,,,,,,0,1,1,1,0,0,0,0,16,0,16,0,,,,,,,,,,,,,,,,,,,,,,,,,,,,,,,,,,,16,G,1,,,,,,,,,,,,,,,,,,,179.14160036499993,181.1425381649999,178.65953411299984,179.17493297499982,left,0,0.6670483359998798,178.65953411299984,None,,,,,,,,,,,PVTE,1,Prac,FPCNB,2021_Jul_15_1328,nBack_prac,2021.1.4,59.97252466733217,
2,,,,,,,,,0,1,1,1,0,0,0,0,17,0,17,0,,,,,,,,,,,,,,,,,,,,,,,,,,,,,,,,,,,17,D,0,,,,,,,,,,,,,,,,,,,181.64280356699987,183.6436893519999,181.16090928699987,181.67604857699985,left,1,0.6458412780000344,181.16090928699987,None,,,,,,,,,,,PVTE,1,Prac,FPCNB,2021_Jul_15_1328,nBack_prac,2021.1.4,59.97252466733217,
2,,,,,,,,,0,1,1,1,0,0,0,0,,,,,,,,,,,,,,,,,,,,,,,,,,,,,,,,,,,,,,,,,,,,,,,,,,,,,,,,,,,,,,,,,,,,,183.677262337,None,space,1.8289161539998986,183.677262337,None,,,,,PVTE,1,Prac,FPCNB,2021_Jul_15_1328,nBack_prac,2021.1.4,59.97252466733217,
2,,,,,,,,,0,1,1,1,,,,,,,,,,,,,,,,,,,,,,,,,,,,,,,,,,,,,,,,,,,,,,,,,,,,,,,,,,,,,,,,,,,,,,,,,,,,,,,,,,,PVTE,1,Prac,FPCNB,2021_Jul_15_1328,nBack_prac,2021.1.4,59.97252466733217,
,,,,,,,,,,,,,,,,,,,,,,,,,,,,,,,,,,,,,,,,,,,,,,,,,,,,,,,,,,,,,,,,,,,1,,,,,,,,,,,,,,,,,,,,,,,,185.52924452899993,None,1,1,,,,,,,,,
