﻿N_prac,trials_3.thisRepN,trials_3.thisTrialN,trials_3.thisN,trials_3.thisIndex,trials.thisRepN,trials.thisTrialN,trials.thisN,trials.thisIndex,trials_2.thisRepN,trials_2.thisTrialN,trials_2.thisN,trials_2.thisIndex,trials_4.thisRepN,trials_4.thisTrialN,trials_4.thisN,trials_4.thisIndex,trials_8.thisRepN,trials_8.thisTrialN,trials_8.thisN,trials_8.thisIndex,key_resp_9.keys,key_resp_9.rt,key_resp_9.started,key_resp_9.stopped,text_6.started,text_6.stopped,image.started,image.stopped,key_resp_10.keys,key_resp_10.rt,key_resp_10.started,key_resp_10.stopped,key_resp_11.keys,key_resp_11.rt,key_resp_11.started,key_resp_11.stopped,image_2.started,image_2.stopped,image_3.started,image_3.stopped,key_resp_12.keys,key_resp_12.rt,key_resp_12.started,key_resp_12.stopped,text_8.started,text_8.stopped,key_resp_14.keys,key_resp_14.rt,key_resp_14.started,key_resp_14.stopped,text_2.started,text_2.stopped,fixation_start.started,fixation_start.stopped,trialCount,itemPresented,trialType,fixation_3.started,fixation_3.stopped,letter_0back.started,letter_0back.stopped,key_resp_5.keys,key_resp_5.corr,key_resp_5.rt,key_resp_5.started,key_resp_5.stopped,pracRep0,text_4.started,text_4.stopped,key_resp_7.keys,key_resp_7.rt,key_resp_7.started,key_resp_7.stopped,instructionsTxt.started,instructionsTxt.stopped,fixation.started,fixation.stopped,letter.started,letter.stopped,key_resp_2.keys,key_resp_2.corr,key_resp_2.rt,key_resp_2.started,key_resp_2.stopped,text_5.started,text_5.stopped,key_resp_8.keys,key_resp_8.rt,key_resp_8.started,key_resp_8.stopped,text.started,text.stopped,pracRepN1,pracRepN2,participant,counterbalance,session,stim site,date,expName,psychopyVersion,frameRate,
,,,,,,,,,,,,,,,,,,,,,space,20.419251583999994,27.056788245999996,None,,,,,,,,,,,,,,,,,,,,,,,,,,,,,,,,,,,,,,,,,,,,,,,,,,,,,,,,,,,,,,,,,,,,,,,PGLA,3,Prac,Vertex,2021_Sep_27_1225,nBack_prac,2021.1.4,59.96796511305341,
,,,,,,,,,,,,,,,,,,,,,,,,,27.056788245999996,None,47.50963419699997,None,space,6.28422832900003,47.50963419699997,None,,,,,,,,,,,,,,,,,,,,,,,,,,,,,,,,,,,,,,,,,,,,,,,,,,,,,,,,,,,,,,,PGLA,3,Prac,Vertex,2021_Sep_27_1225,nBack_prac,2021.1.4,59.96796511305341,
,,,,,,,,,,,,,,,,,,,,,,,,,,,,,,,,,space,3.6316039409999803,53.82136348999995,None,,,,,,,,,,,,,,,,,,,,,,,,,,,,,,,,,,,,,,,,,,,,,,,,,,,,,,,,,,,PGLA,3,Prac,Vertex,2021_Sep_27_1225,nBack_prac,2021.1.4,59.96796511305341,
,,,,,,,,,,,,,,,,,,,,,,,,,,,,,,,,,,,,,53.82136348999995,None,57.48478253600001,None,space,1.6530718660000048,57.48478253600001,None,,,,,,,,,,,,,,,,,,,,,,,,,,,,,,,,,,,,,,,,,,,,,,,,,,,PGLA,3,Prac,Vertex,2021_Sep_27_1225,nBack_prac,2021.1.4,59.96796511305341,
,,,,,,,,,,,,,,,,,,,,,,,,,,,,,,,,,,,,,,,,,,,,,59.16540068200004,None,space,3.202996310000003,59.16540068200004,None,,,,,,,,,,,,,,,,,,,,,,,,,,,,,,,,,,,,,,,,,,,,,PGLA,3,Prac,Vertex,2021_Sep_27_1225,nBack_prac,2021.1.4,59.96796511305341,
,0,0,0,0,0,0,0,0,,,,,,,,,,,,,,,,,,,,,,,,,,,,,,,,,,,,,,,,,,,62.403467404000025,None,65.11748826799999,None,0,T,0,67.60349760300005,69.604012711,67.13580530800004,67.63674302100003,left,1,0.540469078000001,67.13580530800004,None,,,,,,,,,,,,,,,,,,,,,,,,,,,,,PGLA,3,Prac,Vertex,2021_Sep_27_1225,nBack_prac,2021.1.4,59.96796511305341,
,0,0,0,0,1,0,1,0,,,,,,,,,,,,,,,,,,,,,,,,,,,,,,,,,,,,,,,,,,,,,,,1,P,0,70.10421348099999,72.10514656300006,69.62426623500005,70.13767511699996,left,1,0.41790021799999977,69.62426623500005,None,,,,,,,,,,,,,,,,,,,,,,,,,,,,,PGLA,3,Prac,Vertex,2021_Sep_27_1225,nBack_prac,2021.1.4,59.96796511305341,
,0,0,0,0,2,0,2,0,,,,,,,,,,,,,,,,,,,,,,,,,,,,,,,,,,,,,,,,,,,,,,,2,X,1,72.60554097700003,74.60645589700005,72.12542465299998,72.63882577499999,right,1,0.45353899199994885,72.12542465299998,None,,,,,,,,,,,,,,,,,,,,,,,,,,,,,PGLA,3,Prac,Vertex,2021_Sep_27_1225,nBack_prac,2021.1.4,59.96796511305341,
,0,0,0,0,3,0,3,0,,,,,,,,,,,,,,,,,,,,,,,,,,,,,,,,,,,,,,,,,,,,,,,3,G,0,75.106155307,77.10753718199999,74.62621486,75.14012551999997,left,1,0.46362922499997694,74.62621486,None,,,,,,,,,,,,,,,,,,,,,,,,,,,,,PGLA,3,Prac,Vertex,2021_Sep_27_1225,nBack_prac,2021.1.4,59.96796511305341,
,0,0,0,0,4,0,4,0,,,,,,,,,,,,,,,,,,,,,,,,,,,,,,,,,,,,,,,,,,,,,,,4,X,1,77.60792393500003,79.60880892399996,77.12687301200003,77.64114372200004,right,1,0.5315751930000943,77.12687301200003,None,,,,,,,,,,,,,,,,,,,,,,,,,,,,,PGLA,3,Prac,Vertex,2021_Sep_27_1225,nBack_prac,2021.1.4,59.96796511305341,
,0,0,0,0,5,0,5,0,,,,,,,,,,,,,,,,,,,,,,,,,,,,,,,,,,,,,,,,,,,,,,,5,C,0,80.10896896999998,82.10995592000006,79.628663147,80.14231071999995,left,1,0.35079214300003514,79.628663147,None,,,,,,,,,,,,,,,,,,,,,,,,,,,,,PGLA,3,Prac,Vertex,2021_Sep_27_1225,nBack_prac,2021.1.4,59.96796511305341,
,0,0,0,0,6,0,6,0,,,,,,,,,,,,,,,,,,,,,,,,,,,,,,,,,,,,,,,,,,,,,,,6,X,1,82.610254532,84.611065284,82.1291622,82.643498744,right,1,0.5612153019999369,82.1291622,None,,,,,,,,,,,,,,,,,,,,,,,,,,,,,PGLA,3,Prac,Vertex,2021_Sep_27_1225,nBack_prac,2021.1.4,59.96796511305341,
,0,0,0,0,7,0,7,0,,,,,,,,,,,,,,,,,,,,,,,,,,,,,,,,,,,,,,,,,,,,,,,7,F,0,85.11093339600006,87.112364974,84.63107016200001,85.14515933200005,left,1,0.4668765930000518,84.63107016200001,None,,,,,,,,,,,,,,,,,,,,,,,,,,,,,PGLA,3,Prac,Vertex,2021_Sep_27_1225,nBack_prac,2021.1.4,59.96796511305341,
,0,0,0,0,8,0,8,0,,,,,,,,,,,,,,,,,,,,,,,,,,,,,,,,,,,,,,,,,,,,,,,8,P,0,87.61249677600006,89.61354347899999,87.13103279400002,87.64554208100003,left,1,0.5009413239999958,87.13103279400002,None,,,,,,,,,,,,,,,,,,,,,,,,,,,,,PGLA,3,Prac,Vertex,2021_Sep_27_1225,nBack_prac,2021.1.4,59.96796511305341,
,0,0,0,0,9,0,9,0,,,,,,,,,,,,,,,,,,,,,,,,,,,,,,,,,,,,,,,,,,,,,,,9,D,0,90.11370714300006,92.11463815100001,89.63340108299997,90.14702893599997,left,1,0.43343802499998674,89.63340108299997,None,,,,,,,,,,,,,,,,,,,,,,,,,,,,,PGLA,3,Prac,Vertex,2021_Sep_27_1225,nBack_prac,2021.1.4,59.96796511305341,
,0,0,0,0,10,0,10,0,,,,,,,,,,,,,,,,,,,,,,,,,,,,,,,,,,,,,,,,,,,,,,,10,X,1,92.61518972099998,94.61587691500006,92.13342381300004,92.64828630099998,right,1,0.5542502779999268,92.13342381300004,None,,,,,,,,,,,,,,,,,,,,,,,,,,,,,PGLA,3,Prac,Vertex,2021_Sep_27_1225,nBack_prac,2021.1.4,59.96796511305341,
,0,0,0,0,11,0,11,0,,,,,,,,,,,,,,,,,,,,,,,,,,,,,,,,,,,,,,,,,,,,,,,11,B,0,95.11618385300005,97.11710360300003,94.635882401,95.15108748299997,left,1,0.3586869819999947,94.635882401,None,,,,,,,,,,,,,,,,,,,,,,,,,,,,,PGLA,3,Prac,Vertex,2021_Sep_27_1225,nBack_prac,2021.1.4,59.96796511305341,
,0,0,0,0,12,0,12,0,,,,,,,,,,,,,,,,,,,,,,,,,,,,,,,,,,,,,,,,,,,,,,,12,F,0,97.61720496800001,99.61812482300002,97.13588658100002,97.65068747500004,left,1,0.44837519999998676,97.13588658100002,None,,,,,,,,,,,,,,,,,,,,,,,,,,,,,PGLA,3,Prac,Vertex,2021_Sep_27_1225,nBack_prac,2021.1.4,59.96796511305341,
,0,0,0,0,13,0,13,0,,,,,,,,,,,,,,,,,,,,,,,,,,,,,,,,,,,,,,,,,,,,,,,13,N,0,100.11855751500002,None,99.63780628799998,100.15176350499996,left,1,0.4044315590000451,99.63780628799998,None,,,,,,,,,,,,,,,,,,,,,,,,,,,,,PGLA,3,Prac,Vertex,2021_Sep_27_1225,nBack_prac,2021.1.4,59.96796511305341,
,0,0,0,0,14,0,14,0,,,,,,,,,,,,,,,,,,,,,,,,,,,,,,,,,,,,,,,,,,,,,,,14,C,0,102.60311744199998,104.60396362200004,102.121931045,102.63597803200003,left,1,0.347959875000015,102.121931045,None,,,,,,,,,,,,,,,,,,,,,,,,,,,,,PGLA,3,Prac,Vertex,2021_Sep_27_1225,nBack_prac,2021.1.4,59.96796511305341,
,0,0,0,0,15,0,15,0,,,,,,,,,,,,,,,,,,,,,,,,,,,,,,,,,,,,,,,,,,,,,,,15,X,1,105.10432051800001,107.10505459399997,104.622661902,105.13752597400003,right,1,0.5202964759999986,104.622661902,None,,,,,,,,,,,,,,,,,,,,,,,,,,,,,PGLA,3,Prac,Vertex,2021_Sep_27_1225,nBack_prac,2021.1.4,59.96796511305341,
,0,0,0,0,16,0,16,0,,,,,,,,,,,,,,,,,,,,,,,,,,,,,,,,,,,,,,,,,,,,,,,16,G,0,107.60546242400005,109.60641710699997,107.12541812999996,107.63867626700005,left,1,0.38738410999997086,107.12541812999996,None,,,,,,,,,,,,,,,,,,,,,,,,,,,,,PGLA,3,Prac,Vertex,2021_Sep_27_1225,nBack_prac,2021.1.4,59.96796511305341,
,0,0,0,0,17,0,17,0,,,,,,,,,,,,,,,,,,,,,,,,,,,,,,,,,,,,,,,,,,,,,,,17,X,1,110.10655780399998,112.10748838699999,109.62475769399998,110.13986360700005,right,1,0.48684888200000387,109.62475769399998,None,,,,,,,,,,,,,,,,,,,,,,,,,,,,,PGLA,3,Prac,Vertex,2021_Sep_27_1225,nBack_prac,2021.1.4,59.96796511305341,
,0,0,0,0,,,,,,,,,,,,,,,,,,,,,,,,,,,,,,,,,,,,,,,,,,,,,,,,,,,,,,,,,,,,,,,1,112.14104802400004,None,space,1.8284936559999778,112.14104802400004,None,,,,,,,,,,,,,,,,,,,,,,PGLA,3,Prac,Vertex,2021_Sep_27_1225,nBack_prac,2021.1.4,59.96796511305341,
1,,,,,,,,,0,0,0,0,0,0,0,0,0,0,0,0,,,,,,,,,,,,,,,,,,,,,,,,,,,,,,,,,117.49237035600004,None,0,F,0,,,,,,,,,,,,,,,,,114.04202462900003,None,119.97753728300006,121.97846379999999,119.49805871800004,120.01098880000006,left,1,0.33311928000000535,119.49805871800004,None,,,,,,,,,,,PGLA,3,Prac,Vertex,2021_Sep_27_1225,nBack_prac,2021.1.4,59.96796511305341,
1,,,,,,,,,0,0,0,0,0,0,0,0,1,0,1,0,,,,,,,,,,,,,,,,,,,,,,,,,,,,,,,,,,,1,L,0,,,,,,,,,,,,,,,,,,,122.47865974800004,124.47961684999996,121.99864190000005,122.51285751800003,left,1,0.5094009230000438,121.99864190000005,None,,,,,,,,,,,PGLA,3,Prac,Vertex,2021_Sep_27_1225,nBack_prac,2021.1.4,59.96796511305341,
1,,,,,,,,,0,0,0,0,0,0,0,0,2,0,2,0,,,,,,,,,,,,,,,,,,,,,,,,,,,,,,,,,,,2,L,1,,,,,,,,,,,,,,,,,,,124.97991169800002,126.980768882,124.49938612200003,125.013248008,right,1,0.4344658500000378,124.49938612200003,None,,,,,,,,,,,PGLA,3,Prac,Vertex,2021_Sep_27_1225,nBack_prac,2021.1.4,59.96796511305341,
1,,,,,,,,,0,0,0,0,0,0,0,0,3,0,3,0,,,,,,,,,,,,,,,,,,,,,,,,,,,,,,,,,,,3,N,0,,,,,,,,,,,,,,,,,,,127.48218011300003,129.48296419999997,127.01426065600003,127.51471030200003,left,1,0.5325631079999766,127.01426065600003,None,,,,,,,,,,,PGLA,3,Prac,Vertex,2021_Sep_27_1225,nBack_prac,2021.1.4,59.96796511305341,
1,,,,,,,,,0,0,0,0,0,0,0,0,4,0,4,0,,,,,,,,,,,,,,,,,,,,,,,,,,,,,,,,,,,4,F,0,,,,,,,,,,,,,,,,,,,129.99935309700004,None,129.51618257300004,130.01701402000003,left,1,0.4761378790000208,129.51618257300004,None,,,,,,,,,,,PGLA,3,Prac,Vertex,2021_Sep_27_1225,nBack_prac,2021.1.4,59.96796511305341,
1,,,,,,,,,0,0,0,0,0,0,0,0,5,0,5,0,,,,,,,,,,,,,,,,,,,,,,,,,,,,,,,,,,,5,F,1,,,,,,,,,,,,,,,,,,,132.48354485900006,134.484366292,132.00032033700006,132.50039908300005,right,1,0.4950729529999762,132.00032033700006,None,,,,,,,,,,,PGLA,3,Prac,Vertex,2021_Sep_27_1225,nBack_prac,2021.1.4,59.96796511305341,
1,,,,,,,,,0,0,0,0,0,0,0,0,6,0,6,0,,,,,,,,,,,,,,,,,,,,,,,,,,,,,,,,,,,6,C,0,,,,,,,,,,,,,,,,,,,134.98455602900003,136.98557001100005,134.502910617,135.01788336699997,left,1,0.5464399020000883,134.502910617,None,,,,,,,,,,,PGLA,3,Prac,Vertex,2021_Sep_27_1225,nBack_prac,2021.1.4,59.96796511305341,
1,,,,,,,,,0,0,0,0,0,0,0,0,7,0,7,0,,,,,,,,,,,,,,,,,,,,,,,,,,,,,,,,,,,7,C,1,,,,,,,,,,,,,,,,,,,137.48604007699998,139.48655486100006,137.003277509,137.50241557799995,right,1,0.4797794479999311,137.003277509,None,,,,,,,,,,,PGLA,3,Prac,Vertex,2021_Sep_27_1225,nBack_prac,2021.1.4,59.96796511305341,
1,,,,,,,,,0,0,0,0,0,0,0,0,8,0,8,0,,,,,,,,,,,,,,,,,,,,,,,,,,,,,,,,,,,8,P,0,,,,,,,,,,,,,,,,,,,139.98809802100004,141.98764308399996,139.50644585300006,140.02048638300005,left,1,0.3929852440001014,139.50644585300006,None,,,,,,,,,,,PGLA,3,Prac,Vertex,2021_Sep_27_1225,nBack_prac,2021.1.4,59.96796511305341,
1,,,,,,,,,0,0,0,0,0,0,0,0,9,0,9,0,,,,,,,,,,,,,,,,,,,,,,,,,,,,,,,,,,,9,P,1,,,,,,,,,,,,,,,,,,,142.488783441,144.48910924799998,142.004455657,142.50455040099996,right,1,0.46816028499995355,142.004455657,None,,,,,,,,,,,PGLA,3,Prac,Vertex,2021_Sep_27_1225,nBack_prac,2021.1.4,59.96796511305341,
1,,,,,,,,,0,0,0,0,0,0,0,0,10,0,10,0,,,,,,,,,,,,,,,,,,,,,,,,,,,,,,,,,,,10,N,0,,,,,,,,,,,,,,,,,,,144.98904911800003,146.99118217900002,144.508437631,145.02369120900005,left,1,0.4371626900000365,144.508437631,None,,,,,,,,,,,PGLA,3,Prac,Vertex,2021_Sep_27_1225,nBack_prac,2021.1.4,59.96796511305341,
1,,,,,,,,,0,0,0,0,0,0,0,0,11,0,11,0,,,,,,,,,,,,,,,,,,,,,,,,,,,,,,,,,,,11,N,1,,,,,,,,,,,,,,,,,,,147.50721570999997,None,147.02434128599998,147.52460565499996,right,1,0.568944708999993,147.02434128599998,None,,,,,,,,,,,PGLA,3,Prac,Vertex,2021_Sep_27_1225,nBack_prac,2021.1.4,59.96796511305341,
1,,,,,,,,,0,0,0,0,0,0,0,0,12,0,12,0,,,,,,,,,,,,,,,,,,,,,,,,,,,,,,,,,,,12,G,0,,,,,,,,,,,,,,,,,,,149.991406481,151.992666105,149.51051561300005,150.02619924400005,left,1,0.4469454569999698,149.51051561300005,None,,,,,,,,,,,PGLA,3,Prac,Vertex,2021_Sep_27_1225,nBack_prac,2021.1.4,59.96796511305341,
1,,,,,,,,,0,0,0,0,0,0,0,0,13,0,13,0,,,,,,,,,,,,,,,,,,,,,,,,,,,,,,,,,,,13,B,0,,,,,,,,,,,,,,,,,,,152.49306076799996,None,152.01275345,152.52624351600002,left,1,0.4972681909999892,152.01275345,None,,,,,,,,,,,PGLA,3,Prac,Vertex,2021_Sep_27_1225,nBack_prac,2021.1.4,59.96796511305341,
1,,,,,,,,,0,0,0,0,0,0,0,0,14,0,14,0,,,,,,,,,,,,,,,,,,,,,,,,,,,,,,,,,,,14,F,0,,,,,,,,,,,,,,,,,,,154.97748443700004,156.98036558900003,154.49565522500006,155.01080300299998,left,1,0.6321505439999555,154.49565522500006,None,,,,,,,,,,,PGLA,3,Prac,Vertex,2021_Sep_27_1225,nBack_prac,2021.1.4,59.96796511305341,
1,,,,,,,,,0,0,0,0,0,0,0,0,15,0,15,0,,,,,,,,,,,,,,,,,,,,,,,,,,,,,,,,,,,15,P,0,,,,,,,,,,,,,,,,,,,157.47893444299996,159.47969077699997,157.01184173299998,157.51208952499996,left,1,0.5800967979999996,157.01184173299998,None,,,,,,,,,,,PGLA,3,Prac,Vertex,2021_Sep_27_1225,nBack_prac,2021.1.4,59.96796511305341,
1,,,,,,,,,0,0,0,0,0,0,0,0,16,0,16,0,,,,,,,,,,,,,,,,,,,,,,,,,,,,,,,,,,,16,L,0,,,,,,,,,,,,,,,,,,,159.97981015699997,161.98045003200002,159.49799812599997,160.01345442900003,left,1,0.5137896810000484,159.49799812599997,None,,,,,,,,,,,PGLA,3,Prac,Vertex,2021_Sep_27_1225,nBack_prac,2021.1.4,59.96796511305341,
1,,,,,,,,,0,0,0,0,0,0,0,0,17,0,17,0,,,,,,,,,,,,,,,,,,,,,,,,,,,,,,,,,,,17,L,1,,,,,,,,,,,,,,,,,,,162.48090170900002,164.482057026,161.99796843700005,162.49841189300002,right,1,0.6013923279999744,161.99796843700005,None,,,,,,,,,,,PGLA,3,Prac,Vertex,2021_Sep_27_1225,nBack_prac,2021.1.4,59.96796511305341,
1,,,,,,,,,0,0,0,0,0,0,0,0,,,,,,,,,,,,,,,,,,,,,,,,,,,,,,,,,,,,,,,,,,,,,,,,,,,,,,,,,,,,,,,,,,,,,164.51604544400004,None,space,1.584090303000039,164.51604544400004,None,,,,,PGLA,3,Prac,Vertex,2021_Sep_27_1225,nBack_prac,2021.1.4,59.96796511305341,
1,,,,,,,,,0,0,0,0,,,,,,,,,,,,,,,,,,,,,,,,,,,,,,,,,,,,,,,,,,,,,,,,,,,,,,,,,,,,,,,,,,,,,,,,,,,,,,,,,,,PGLA,3,Prac,Vertex,2021_Sep_27_1225,nBack_prac,2021.1.4,59.96796511305341,
2,,,,,,,,,0,1,1,1,0,0,0,0,0,0,0,0,,,,,,,,,,,,,,,,,,,,,,,,,,,,,,,,,169.51691689999996,None,0,P,0,,,,,,,,,,,,,,,,,166.166075632,None,172.00239037799997,174.00349400599998,171.51970449600003,172.01883134599996,left,1,0.44530452000003606,171.51970449600003,None,,,,,,,,,,,PGLA,3,Prac,Vertex,2021_Sep_27_1225,nBack_prac,2021.1.4,59.96796511305341,
2,,,,,,,,,0,1,1,1,0,0,0,0,1,0,1,0,,,,,,,,,,,,,,,,,,,,,,,,,,,,,,,,,,,1,L,1,,,,,,,,,,,,,,,,,,,174.50388446,176.50486797999997,174.02316782000003,174.53657731300007,left,0,0.3027361629999632,174.02316782000003,None,,,,,,,,,,,PGLA,3,Prac,Vertex,2021_Sep_27_1225,nBack_prac,2021.1.4,59.96796511305341,
2,,,,,,,,,0,1,1,1,0,0,0,0,2,0,2,0,,,,,,,,,,,,,,,,,,,,,,,,,,,,,,,,,,,2,F,0,,,,,,,,,,,,,,,,,,,177.00466686799996,179.00539091500002,176.52347716999998,177.03795706300002,left,1,0.5670597060000091,176.52347716999998,None,,,,,,,,,,,PGLA,3,Prac,Vertex,2021_Sep_27_1225,nBack_prac,2021.1.4,59.96796511305341,
2,,,,,,,,,0,1,1,1,0,0,0,0,3,0,3,0,,,,,,,,,,,,,,,,,,,,,,,,,,,,,,,,,,,3,L,1,,,,,,,,,,,,,,,,,,,179.50572268100007,181.50680449499998,179.02392393700006,179.53922784099996,right,1,0.5306946739999603,179.02392393700006,None,,,,,,,,,,,PGLA,3,Prac,Vertex,2021_Sep_27_1225,nBack_prac,2021.1.4,59.96796511305341,
2,,,,,,,,,0,1,1,1,0,0,0,0,4,0,4,0,,,,,,,,,,,,,,,,,,,,,,,,,,,,,,,,,,,4,N,0,,,,,,,,,,,,,,,,,,,182.00694397999996,184.00850283500006,181.52566838200005,182.04028805300004,left,1,0.7676015839999764,181.52566838200005,None,,,,,,,,,,,PGLA,3,Prac,Vertex,2021_Sep_27_1225,nBack_prac,2021.1.4,59.96796511305341,
2,,,,,,,,,0,1,1,1,0,0,0,0,5,0,5,0,,,,,,,,,,,,,,,,,,,,,,,,,,,,,,,,,,,5,B,0,,,,,,,,,,,,,,,,,,,184.508286827,186.50897569400001,184.027473279,184.541666845,left,1,0.7847545759999548,184.027473279,None,,,,,,,,,,,PGLA,3,Prac,Vertex,2021_Sep_27_1225,nBack_prac,2021.1.4,59.96796511305341,
2,,,,,,,,,0,1,1,1,0,0,0,0,6,0,6,0,,,,,,,,,,,,,,,,,,,,,,,,,,,,,,,,,,,6,F,0,,,,,,,,,,,,,,,,,,,187.00933587999998,189.01025349400004,186.52765220000003,187.04265176700005,left,1,0.7903594529999509,186.52765220000003,None,,,,,,,,,,,PGLA,3,Prac,Vertex,2021_Sep_27_1225,nBack_prac,2021.1.4,59.96796511305341,
2,,,,,,,,,0,1,1,1,0,0,0,0,7,0,7,0,,,,,,,,,,,,,,,,,,,,,,,,,,,,,,,,,,,7,B,1,,,,,,,,,,,,,,,,,,,189.51061935200005,191.51203136599997,189.02883054400002,189.54397264199997,right,1,0.6631466679999676,189.02883054400002,None,,,,,,,,,,,PGLA,3,Prac,Vertex,2021_Sep_27_1225,nBack_prac,2021.1.4,59.96796511305341,
2,,,,,,,,,0,1,1,1,0,0,0,0,8,0,8,0,,,,,,,,,,,,,,,,,,,,,,,,,,,,,,,,,,,8,P,0,,,,,,,,,,,,,,,,,,,192.01178395400007,194.01274807200002,191.53081501600002,192.047093777,left,1,0.890838909000081,191.53081501600002,None,,,,,,,,,,,PGLA,3,Prac,Vertex,2021_Sep_27_1225,nBack_prac,2021.1.4,59.96796511305341,
2,,,,,,,,,0,1,1,1,0,0,0,0,9,0,9,0,,,,,,,,,,,,,,,,,,,,,,,,,,,,,,,,,,,9,G,0,,,,,,,,,,,,,,,,,,,194.51287603599997,196.51382754400004,194.03187801800004,194.54620320900005,left,1,1.4857549829999925,194.03187801800004,None,,,,,,,,,,,PGLA,3,Prac,Vertex,2021_Sep_27_1225,nBack_prac,2021.1.4,59.96796511305341,
2,,,,,,,,,0,1,1,1,0,0,0,0,10,0,10,0,,,,,,,,,,,,,,,,,,,,,,,,,,,,,,,,,,,10,P,1,,,,,,,,,,,,,,,,,,,197.014060213,199.015349431,196.533086077,197.04745523300005,right,1,0.7923427030000312,196.533086077,None,,,,,,,,,,,PGLA,3,Prac,Vertex,2021_Sep_27_1225,nBack_prac,2021.1.4,59.96796511305341,
2,,,,,,,,,0,1,1,1,0,0,0,0,11,0,11,0,,,,,,,,,,,,,,,,,,,,,,,,,,,,,,,,,,,11,B,0,,,,,,,,,,,,,,,,,,,199.51541980499996,201.516228803,199.03376752099996,199.548691459,left,1,0.9564108300000953,199.03376752099996,None,,,,,,,,,,,PGLA,3,Prac,Vertex,2021_Sep_27_1225,nBack_prac,2021.1.4,59.96796511305341,
2,,,,,,,,,0,1,1,1,0,0,0,0,12,0,12,0,,,,,,,,,,,,,,,,,,,,,,,,,,,,,,,,,,,12,D,0,,,,,,,,,,,,,,,,,,,202.01648846299997,204.01737639500004,201.53644198300003,202.04976601500005,left,1,1.1939186700000164,201.53644198300003,None,,,,,,,,,,,PGLA,3,Prac,Vertex,2021_Sep_27_1225,nBack_prac,2021.1.4,59.96796511305341,
2,,,,,,,,,0,1,1,1,0,0,0,0,13,0,13,0,,,,,,,,,,,,,,,,,,,,,,,,,,,,,,,,,,,13,B,1,,,,,,,,,,,,,,,,,,,204.51733257399997,None,204.03612320499997,204.55102969799998,right,1,0.9049797999999782,204.03612320499997,None,,,,,,,,,,,PGLA,3,Prac,Vertex,2021_Sep_27_1225,nBack_prac,2021.1.4,59.96796511305341,
2,,,,,,,,,0,1,1,1,0,0,0,0,14,0,14,0,,,,,,,,,,,,,,,,,,,,,,,,,,,,,,,,,,,14,P,0,,,,,,,,,,,,,,,,,,,207.002687735,209.003702588,206.52155319500002,207.035938535,left,1,0.7643432449999636,206.52155319500002,None,,,,,,,,,,,PGLA,3,Prac,Vertex,2021_Sep_27_1225,nBack_prac,2021.1.4,59.96796511305341,
2,,,,,,,,,0,1,1,1,0,0,0,0,15,0,15,0,,,,,,,,,,,,,,,,,,,,,,,,,,,,,,,,,,,15,B,1,,,,,,,,,,,,,,,,,,,209.503814068,211.50457631200004,209.02343672200004,209.53725465000002,right,1,0.5831071479999537,209.02343672200004,None,,,,,,,,,,,PGLA,3,Prac,Vertex,2021_Sep_27_1225,nBack_prac,2021.1.4,59.96796511305341,
2,,,,,,,,,0,1,1,1,0,0,0,0,16,0,16,0,,,,,,,,,,,,,,,,,,,,,,,,,,,,,,,,,,,0,G,0,,,,,,,,,,,,,,,,,,,212.00500151200004,214.00572795200003,211.52383203600004,212.03836767999996,left,1,0.5576974329999302,211.52383203600004,None,,,,,,,,,,,PGLA,3,Prac,Vertex,2021_Sep_27_1225,nBack_prac,2021.1.4,59.96796511305341,
2,,,,,,,,,0,1,1,1,0,0,0,0,17,0,17,0,,,,,,,,,,,,,,,,,,,,,,,,,,,,,,,,,,,1,B,1,,,,,,,,,,,,,,,,,,,214.50611944700006,216.50694781699997,214.02463486700003,214.539523163,right,1,0.40979295400006777,214.02463486700003,None,,,,,,,,,,,PGLA,3,Prac,Vertex,2021_Sep_27_1225,nBack_prac,2021.1.4,59.96796511305341,
2,,,,,,,,,0,1,1,1,0,0,0,0,,,,,,,,,,,,,,,,,,,,,,,,,,,,,,,,,,,,,,,,,,,,,,,,,,,,,,,,,,,,,,,,,,,,,216.54051889900006,None,space,2.85477180700002,216.54051889900006,None,,,,,PGLA,3,Prac,Vertex,2021_Sep_27_1225,nBack_prac,2021.1.4,59.96796511305341,
2,,,,,,,,,0,1,1,1,,,,,,,,,,,,,,,,,,,,,,,,,,,,,,,,,,,,,,,,,,,,,,,,,,,,,,,,,,,,,,,,,,,,,,,,,,,,,,,,,,,PGLA,3,Prac,Vertex,2021_Sep_27_1225,nBack_prac,2021.1.4,59.96796511305341,
,,,,,,,,,,,,,,,,,,,,,,,,,,,,,,,,,,,,,,,,,,,,,,,,,,,,,,,,,,,,,,,,,,,1,,,,,,,,,,,,,,,,,,,,,,,,219.42512156400005,None,1,1,,,,,,,,,
