﻿N_prac,trials_3.thisRepN,trials_3.thisTrialN,trials_3.thisN,trials_3.thisIndex,trials.thisRepN,trials.thisTrialN,trials.thisN,trials.thisIndex,trials_2.thisRepN,trials_2.thisTrialN,trials_2.thisN,trials_2.thisIndex,trials_4.thisRepN,trials_4.thisTrialN,trials_4.thisN,trials_4.thisIndex,trials_8.thisRepN,trials_8.thisTrialN,trials_8.thisN,trials_8.thisIndex,key_resp_9.keys,key_resp_9.rt,key_resp_9.started,key_resp_9.stopped,text_6.started,text_6.stopped,image.started,image.stopped,key_resp_10.keys,key_resp_10.rt,key_resp_10.started,key_resp_10.stopped,key_resp_11.keys,key_resp_11.rt,key_resp_11.started,key_resp_11.stopped,image_2.started,image_2.stopped,image_3.started,image_3.stopped,key_resp_12.keys,key_resp_12.rt,key_resp_12.started,key_resp_12.stopped,text_8.started,text_8.stopped,key_resp_14.keys,key_resp_14.rt,key_resp_14.started,key_resp_14.stopped,text_2.started,text_2.stopped,fixation_start.started,fixation_start.stopped,trialCount,itemPresented,trialType,fixation_3.started,fixation_3.stopped,letter_0back.started,letter_0back.stopped,key_resp_5.keys,key_resp_5.corr,key_resp_5.rt,key_resp_5.started,key_resp_5.stopped,pracRep0,text_4.started,text_4.stopped,key_resp_7.keys,key_resp_7.rt,key_resp_7.started,key_resp_7.stopped,instructionsTxt.started,instructionsTxt.stopped,fixation.started,fixation.stopped,letter.started,letter.stopped,key_resp_2.keys,key_resp_2.corr,key_resp_2.rt,key_resp_2.started,key_resp_2.stopped,text_5.started,text_5.stopped,key_resp_8.keys,key_resp_8.rt,key_resp_8.started,key_resp_8.stopped,text.started,text.stopped,pracRepN1,pracRepN2,participant,counterbalance,session,stim site,date,expName,psychopyVersion,frameRate,
,,,,,,,,,,,,,,,,,,,,,space,9.060648098999991,41.11157293600013,None,,,,,,,,,,,,,,,,,,,,,,,,,,,,,,,,,,,,,,,,,,,,,,,,,,,,,,,,,,,,,,,,,,,,,,,DTPE,3,prac,FPCNB,2021_Sep_22_1037,nBack_prac,2021.1.4,60.024603724856114,
,,,,,,,,,,,,,,,,,,,,,,,,,41.11157293600013,None,50.205520735000164,None,space,5.405272699000079,50.205520735000164,None,,,,,,,,,,,,,,,,,,,,,,,,,,,,,,,,,,,,,,,,,,,,,,,,,,,,,,,,,,,,,,,DTPE,3,prac,FPCNB,2021_Sep_22_1037,nBack_prac,2021.1.4,60.024603724856114,
,,,,,,,,,,,,,,,,,,,,,,,,,,,,,,,,,space,4.7564552139999705,55.63890144700008,None,,,,,,,,,,,,,,,,,,,,,,,,,,,,,,,,,,,,,,,,,,,,,,,,,,,,,,,,,,,DTPE,3,prac,FPCNB,2021_Sep_22_1037,nBack_prac,2021.1.4,60.024603724856114,
,,,,,,,,,,,,,,,,,,,,,,,,,,,,,,,,,,,,,55.63890144700008,None,60.42408066600001,None,space,3.4180760669999017,60.42408066600001,None,,,,,,,,,,,,,,,,,,,,,,,,,,,,,,,,,,,,,,,,,,,,,,,,,,,DTPE,3,prac,FPCNB,2021_Sep_22_1037,nBack_prac,2021.1.4,60.024603724856114,
,,,,,,,,,,,,,,,,,,,,,,,,,,,,,,,,,,,,,,,,,,,,,63.871775738,None,space,3.0590879080000377,63.871775738,None,,,,,,,,,,,,,,,,,,,,,,,,,,,,,,,,,,,,,,,,,,,,,DTPE,3,prac,FPCNB,2021_Sep_22_1037,nBack_prac,2021.1.4,60.024603724856114,
,0,0,0,0,0,0,0,0,,,,,,,,,,,,,,,,,,,,,,,,,,,,,,,,,,,,,,,,,,,66.95858600400015,None,71.12553994400014,None,0,T,0,73.61150100400005,None,73.12926768200009,73.64407051400008,left,1,0.6220793120000963,73.12926768200009,None,,,,,,,,,,,,,,,,,,,,,,,,,,,,,DTPE,3,prac,FPCNB,2021_Sep_22_1037,nBack_prac,2021.1.4,60.024603724856114,
,0,0,0,0,1,0,1,0,,,,,,,,,,,,,,,,,,,,,,,,,,,,,,,,,,,,,,,,,,,,,,,1,T,0,76.11165485400011,78.11187164600005,75.628533651,76.12876876500013,left,1,0.48271492200001376,75.628533651,None,,,,,,,,,,,,,,,,,,,,,,,,,,,,,DTPE,3,prac,FPCNB,2021_Sep_22_1037,nBack_prac,2021.1.4,60.024603724856114,
,0,0,0,0,2,0,2,0,,,,,,,,,,,,,,,,,,,,,,,,,,,,,,,,,,,,,,,,,,,,,,,2,X,1,78.62852985000018,None,78.14518072500005,78.64607655400005,right,1,0.48890868800003773,78.14518072500005,None,,,,,,,,,,,,,,,,,,,,,,,,,,,,,DTPE,3,prac,FPCNB,2021_Sep_22_1037,nBack_prac,2021.1.4,60.024603724856114,
,0,0,0,0,3,0,3,0,,,,,,,,,,,,,,,,,,,,,,,,,,,,,,,,,,,,,,,,,,,,,,,3,D,0,81.1147971270002,83.11437986200008,80.64617059300008,81.14691833699999,left,1,0.6650351099999625,80.64617059300008,None,,,,,,,,,,,,,,,,,,,,,,,,,,,,,DTPE,3,prac,FPCNB,2021_Sep_22_1037,nBack_prac,2021.1.4,60.024603724856114,
,0,0,0,0,4,0,4,0,,,,,,,,,,,,,,,,,,,,,,,,,,,,,,,,,,,,,,,,,,,,,,,4,X,1,83.63334142500003,None,83.14778353700012,83.6490941290001,right,1,0.4580961760000264,83.14778353700012,None,,,,,,,,,,,,,,,,,,,,,,,,,,,,,DTPE,3,prac,FPCNB,2021_Sep_22_1037,nBack_prac,2021.1.4,60.024603724856114,
,0,0,0,0,5,0,5,0,,,,,,,,,,,,,,,,,,,,,,,,,,,,,,,,,,,,,,,,,,,,,,,5,B,0,86.11612542900002,88.11708993000002,85.6484306440002,86.14905538000016,left,1,0.3769776300000558,85.6484306440002,None,,,,,,,,,,,,,,,,,,,,,,,,,,,,,DTPE,3,prac,FPCNB,2021_Sep_22_1037,nBack_prac,2021.1.4,60.024603724856114,
,0,0,0,0,6,0,6,0,,,,,,,,,,,,,,,,,,,,,,,,,,,,,,,,,,,,,,,,,,,,,,,6,X,1,88.6166363100001,90.61844228700011,88.13506254200001,88.64994256900013,right,1,0.3704738510000425,88.13506254200001,None,,,,,,,,,,,,,,,,,,,,,,,,,,,,,DTPE,3,prac,FPCNB,2021_Sep_22_1037,nBack_prac,2021.1.4,60.024603724856114,
,0,0,0,0,7,0,7,0,,,,,,,,,,,,,,,,,,,,,,,,,,,,,,,,,,,,,,,,,,,,,,,7,F,0,91.13588626600017,None,90.65089044600018,91.15088579400003,left,1,0.3532923089999258,90.65089044600018,None,,,,,,,,,,,,,,,,,,,,,,,,,,,,,DTPE,3,prac,FPCNB,2021_Sep_22_1037,nBack_prac,2021.1.4,60.024603724856114,
,0,0,0,0,8,0,8,0,,,,,,,,,,,,,,,,,,,,,,,,,,,,,,,,,,,,,,,,,,,,,,,8,P,0,93.6195613110001,95.61984640900005,93.15204118300016,93.65220612100006,left,1,0.539081202999796,93.15204118300016,None,,,,,,,,,,,,,,,,,,,,,,,,,,,,,DTPE,3,prac,FPCNB,2021_Sep_22_1037,nBack_prac,2021.1.4,60.024603724856114,
,0,0,0,0,9,0,9,0,,,,,,,,,,,,,,,,,,,,,,,,,,,,,,,,,,,,,,,,,,,,,,,9,G,0,96.12029789500002,98.12109349100001,95.63938903899998,96.15324230100009,left,1,0.4314174319999893,95.63938903899998,None,,,,,,,,,,,,,,,,,,,,,,,,,,,,,DTPE,3,prac,FPCNB,2021_Sep_22_1037,nBack_prac,2021.1.4,60.024603724856114,
,0,0,0,0,10,0,10,0,,,,,,,,,,,,,,,,,,,,,,,,,,,,,,,,,,,,,,,,,,,,,,,10,X,1,98.62123203800002,100.622295915,98.13912545800008,98.6546595650002,right,1,0.5468916099998751,98.13912545800008,None,,,,,,,,,,,,,,,,,,,,,,,,,,,,,DTPE,3,prac,FPCNB,2021_Sep_22_1037,nBack_prac,2021.1.4,60.024603724856114,
,0,0,0,0,11,0,11,0,,,,,,,,,,,,,,,,,,,,,,,,,,,,,,,,,,,,,,,,,,,,,,,11,G,0,101.12225135800009,103.1232917960001,100.64004330300008,101.15586368800018,left,1,0.49873820700008764,100.64004330300008,None,,,,,,,,,,,,,,,,,,,,,,,,,,,,,DTPE,3,prac,FPCNB,2021_Sep_22_1037,nBack_prac,2021.1.4,60.024603724856114,
,0,0,0,0,12,0,12,0,,,,,,,,,,,,,,,,,,,,,,,,,,,,,,,,,,,,,,,,,,,,,,,12,C,0,103.62363690400002,105.62492561400018,103.14054479900005,103.6403697820001,left,1,0.3812016179999773,103.14054479900005,None,,,,,,,,,,,,,,,,,,,,,,,,,,,,,DTPE,3,prac,FPCNB,2021_Sep_22_1037,nBack_prac,2021.1.4,60.024603724856114,
,0,0,0,0,13,0,13,0,,,,,,,,,,,,,,,,,,,,,,,,,,,,,,,,,,,,,,,,,,,,,,,13,T,0,106.12460351599998,None,105.64268556800016,106.15775215899998,left,1,0.4067223660001673,105.64268556800016,None,,,,,,,,,,,,,,,,,,,,,,,,,,,,,DTPE,3,prac,FPCNB,2021_Sep_22_1037,nBack_prac,2021.1.4,60.024603724856114,
,0,0,0,0,14,0,14,0,,,,,,,,,,,,,,,,,,,,,,,,,,,,,,,,,,,,,,,,,,,,,,,14,G,0,108.60966440600009,110.61019194000005,108.12913266800001,108.64265866000005,left,1,0.37922180999999,108.12913266800001,None,,,,,,,,,,,,,,,,,,,,,,,,,,,,,DTPE,3,prac,FPCNB,2021_Sep_22_1037,nBack_prac,2021.1.4,60.024603724856114,
,0,0,0,0,15,0,15,0,,,,,,,,,,,,,,,,,,,,,,,,,,,,,,,,,,,,,,,,,,,,,,,15,X,1,111.11066021400006,113.1116265390001,110.62904017200003,111.14378557400005,right,1,0.42395444499993573,110.62904017200003,None,,,,,,,,,,,,,,,,,,,,,,,,,,,,,DTPE,3,prac,FPCNB,2021_Sep_22_1037,nBack_prac,2021.1.4,60.024603724856114,
,0,0,0,0,16,0,16,0,,,,,,,,,,,,,,,,,,,,,,,,,,,,,,,,,,,,,,,,,,,,,,,16,B,0,113.6120275090002,115.61282259100017,113.13083644700009,113.64528015700012,left,1,0.3999285089998921,113.13083644700009,None,,,,,,,,,,,,,,,,,,,,,,,,,,,,,DTPE,3,prac,FPCNB,2021_Sep_22_1037,nBack_prac,2021.1.4,60.024603724856114,
,0,0,0,0,17,0,17,0,,,,,,,,,,,,,,,,,,,,,,,,,,,,,,,,,,,,,,,,,,,,,,,17,X,1,116.11304787100016,118.1140983570001,115.630986291,116.14658543300015,right,1,0.49775124400002824,115.630986291,None,,,,,,,,,,,,,,,,,,,,,,,,,,,,,DTPE,3,prac,FPCNB,2021_Sep_22_1037,nBack_prac,2021.1.4,60.024603724856114,
,0,0,0,0,,,,,,,,,,,,,,,,,,,,,,,,,,,,,,,,,,,,,,,,,,,,,,,,,,,,,,,,,,,,,,,1,118.14731377700014,None,space,1.8541925419999643,118.14731377700014,None,,,,,,,,,,,,,,,,,,,,,,DTPE,3,prac,FPCNB,2021_Sep_22_1037,nBack_prac,2021.1.4,60.024603724856114,
1,,,,,,,,,0,0,0,0,0,0,0,0,0,0,0,0,,,,,,,,,,,,,,,,,,,,,,,,,,,,,,,,,123.43225770100003,None,0,P,0,,,,,,,,,,,,,,,,,120.08219527300002,None,125.91752011000017,127.91857166800014,125.43681914600006,125.950904068,left,1,0.5384662870001193,125.43681914600006,None,,,,,,,,,,,DTPE,3,prac,FPCNB,2021_Sep_22_1037,nBack_prac,2021.1.4,60.024603724856114,
1,,,,,,,,,0,0,0,0,0,0,0,0,1,0,1,0,,,,,,,,,,,,,,,,,,,,,,,,,,,,,,,,,,,1,N,0,,,,,,,,,,,,,,,,,,,128.41959042000008,130.41977732500004,127.93877674600003,128.4521610820002,left,1,0.4083737000000838,127.93877674600003,None,,,,,,,,,,,DTPE,3,prac,FPCNB,2021_Sep_22_1037,nBack_prac,2021.1.4,60.024603724856114,
1,,,,,,,,,0,0,0,0,0,0,0,0,2,0,2,0,,,,,,,,,,,,,,,,,,,,,,,,,,,,,,,,,,,2,N,1,,,,,,,,,,,,,,,,,,,130.92043987800002,132.92107858000008,130.43990690500004,130.95335158800003,right,1,0.3591384520000247,130.43990690500004,None,,,,,,,,,,,DTPE,3,prac,FPCNB,2021_Sep_22_1037,nBack_prac,2021.1.4,60.024603724856114,
1,,,,,,,,,0,0,0,0,0,0,0,0,3,0,3,0,,,,,,,,,,,,,,,,,,,,,,,,,,,,,,,,,,,3,D,0,,,,,,,,,,,,,,,,,,,133.43820042000016,None,132.95449228500001,133.45493821500008,left,1,0.46033090900004936,132.95449228500001,None,,,,,,,,,,,DTPE,3,prac,FPCNB,2021_Sep_22_1037,nBack_prac,2021.1.4,60.024603724856114,
1,,,,,,,,,0,0,0,0,0,0,0,0,4,0,4,0,,,,,,,,,,,,,,,,,,,,,,,,,,,,,,,,,,,4,T,0,,,,,,,,,,,,,,,,,,,135.92261527699998,137.9236044270001,135.4421541270001,135.95593728900008,left,1,0.43564864699987993,135.4421541270001,None,,,,,,,,,,,DTPE,3,prac,FPCNB,2021_Sep_22_1037,nBack_prac,2021.1.4,60.024603724856114,
1,,,,,,,,,0,0,0,0,0,0,0,0,5,0,5,0,,,,,,,,,,,,,,,,,,,,,,,,,,,,,,,,,,,5,T,1,,,,,,,,,,,,,,,,,,,138.42385977499998,140.424888947,137.94065919900004,138.4407040650001,right,1,0.5677587600000606,137.94065919900004,None,,,,,,,,,,,DTPE,3,prac,FPCNB,2021_Sep_22_1037,nBack_prac,2021.1.4,60.024603724856114,
1,,,,,,,,,0,0,0,0,0,0,0,0,6,0,6,0,,,,,,,,,,,,,,,,,,,,,,,,,,,,,,,,,,,6,C,0,,,,,,,,,,,,,,,,,,,140.92492924700014,142.9259584790002,140.44509957700006,140.9584074410002,left,1,0.47139877400013575,140.44509957700006,None,,,,,,,,,,,DTPE,3,prac,FPCNB,2021_Sep_22_1037,nBack_prac,2021.1.4,60.024603724856114,
1,,,,,,,,,0,0,0,0,0,0,0,0,7,0,7,0,,,,,,,,,,,,,,,,,,,,,,,,,,,,,,,,,,,7,C,1,,,,,,,,,,,,,,,,,,,143.4258577380001,145.4272152640001,142.94294538999998,143.4430258240002,right,1,0.36338914499992825,142.94294538999998,None,,,,,,,,,,,DTPE,3,prac,FPCNB,2021_Sep_22_1037,nBack_prac,2021.1.4,60.024603724856114,
1,,,,,,,,,0,0,0,0,0,0,0,0,8,0,8,0,,,,,,,,,,,,,,,,,,,,,,,,,,,,,,,,,,,8,T,0,,,,,,,,,,,,,,,,,,,145.92740783800014,147.92835281600014,145.46063271399998,145.9608149740002,left,1,0.5863173400000505,145.46063271399998,None,,,,,,,,,,,DTPE,3,prac,FPCNB,2021_Sep_22_1037,nBack_prac,2021.1.4,60.024603724856114,
1,,,,,,,,,0,0,0,0,0,0,0,0,9,0,9,0,,,,,,,,,,,,,,,,,,,,,,,,,,,,,,,,,,,9,T,1,,,,,,,,,,,,,,,,,,,148.4286382780001,150.429621968,147.94567281000013,148.445211298,right,1,0.4262666889999309,147.94567281000013,None,,,,,,,,,,,DTPE,3,prac,FPCNB,2021_Sep_22_1037,nBack_prac,2021.1.4,60.024603724856114,
1,,,,,,,,,0,0,0,0,0,0,0,0,10,0,10,0,,,,,,,,,,,,,,,,,,,,,,,,,,,,,,,,,,,10,P,0,,,,,,,,,,,,,,,,,,,150.9299331080001,152.93091259300013,150.46297065,150.96323445500002,left,1,0.40069306999998844,150.46297065,None,,,,,,,,,,,DTPE,3,prac,FPCNB,2021_Sep_22_1037,nBack_prac,2021.1.4,60.024603724856114,
1,,,,,,,,,0,0,0,0,0,0,0,0,11,0,11,0,,,,,,,,,,,,,,,,,,,,,,,,,,,,,,,,,,,11,P,1,,,,,,,,,,,,,,,,,,,153.43109310600016,155.43188708800017,152.94893825000008,153.46456458600005,right,1,0.4217451419999634,152.94893825000008,None,,,,,,,,,,,DTPE,3,prac,FPCNB,2021_Sep_22_1037,nBack_prac,2021.1.4,60.024603724856114,
1,,,,,,,,,0,0,0,0,0,0,0,0,12,0,12,0,,,,,,,,,,,,,,,,,,,,,,,,,,,,,,,,,,,12,D,0,,,,,,,,,,,,,,,,,,,155.93209717000013,157.93308970500016,155.45218790800004,155.9655544950001,left,1,0.3615545119998842,155.45218790800004,None,,,,,,,,,,,DTPE,3,prac,FPCNB,2021_Sep_22_1037,nBack_prac,2021.1.4,60.024603724856114,
1,,,,,,,,,0,0,0,0,0,0,0,0,13,0,13,0,,,,,,,,,,,,,,,,,,,,,,,,,,,,,,,,,,,13,G,0,,,,,,,,,,,,,,,,,,,158.433396723,None,157.95337155300012,158.4666749150001,left,1,0.4590111899999556,157.95337155300012,None,,,,,,,,,,,DTPE,3,prac,FPCNB,2021_Sep_22_1037,nBack_prac,2021.1.4,60.024603724856114,
1,,,,,,,,,0,0,0,0,0,0,0,0,14,0,14,0,,,,,,,,,,,,,,,,,,,,,,,,,,,,,,,,,,,14,P,0,,,,,,,,,,,,,,,,,,,160.9178731930001,162.91894136200017,160.4363646390002,160.95084448900002,left,1,0.5058512379998774,160.4363646390002,None,,,,,,,,,,,DTPE,3,prac,FPCNB,2021_Sep_22_1037,nBack_prac,2021.1.4,60.024603724856114,
1,,,,,,,,,0,0,0,0,0,0,0,0,15,0,15,0,,,,,,,,,,,,,,,,,,,,,,,,,,,,,,,,,,,15,F,0,,,,,,,,,,,,,,,,,,,163.41919063900013,165.42002448400012,162.95235431700007,163.45241303700004,left,1,0.4175448819999019,162.95235431700007,None,,,,,,,,,,,DTPE,3,prac,FPCNB,2021_Sep_22_1037,nBack_prac,2021.1.4,60.024603724856114,
1,,,,,,,,,0,0,0,0,0,0,0,0,16,0,16,0,,,,,,,,,,,,,,,,,,,,,,,,,,,,,,,,,,,16,B,0,,,,,,,,,,,,,,,,,,,165.92034636400012,167.92081023200012,165.453383262,165.95325792100016,left,1,0.3875159470001108,165.453383262,None,,,,,,,,,,,DTPE,3,prac,FPCNB,2021_Sep_22_1037,nBack_prac,2021.1.4,60.024603724856114,
1,,,,,,,,,0,0,0,0,0,0,0,0,17,0,17,0,,,,,,,,,,,,,,,,,,,,,,,,,,,,,,,,,,,17,B,1,,,,,,,,,,,,,,,,,,,168.4215003190002,170.4224173560001,167.94124051900008,168.45470059900003,right,1,0.5205484179998621,167.94124051900008,None,,,,,,,,,,,DTPE,3,prac,FPCNB,2021_Sep_22_1037,nBack_prac,2021.1.4,60.024603724856114,
1,,,,,,,,,0,0,0,0,0,0,0,0,,,,,,,,,,,,,,,,,,,,,,,,,,,,,,,,,,,,,,,,,,,,,,,,,,,,,,,,,,,,,,,,,,,,,170.45588470400003,None,space,1.5216381499999443,170.45588470400003,None,,,,,DTPE,3,prac,FPCNB,2021_Sep_22_1037,nBack_prac,2021.1.4,60.024603724856114,
1,,,,,,,,,0,0,0,0,,,,,,,,,,,,,,,,,,,,,,,,,,,,,,,,,,,,,,,,,,,,,,,,,,,,,,,,,,,,,,,,,,,,,,,,,,,,,,,,,,,DTPE,3,prac,FPCNB,2021_Sep_22_1037,nBack_prac,2021.1.4,60.024603724856114,
2,,,,,,,,,0,1,1,1,0,0,0,0,0,0,0,0,,,,,,,,,,,,,,,,,,,,,,,,,,,,,,,,,175.74102118600013,None,0,B,0,,,,,,,,,,,,,,,,,172.03984067200008,None,178.22563088300012,180.22682413500002,177.742373433,178.24244827300004,left,1,0.333950576999996,177.742373433,None,,,,,,,,,,,DTPE,3,prac,FPCNB,2021_Sep_22_1037,nBack_prac,2021.1.4,60.024603724856114,
2,,,,,,,,,0,1,1,1,0,0,0,0,1,0,1,0,,,,,,,,,,,,,,,,,,,,,,,,,,,,,,,,,,,1,B,1,,,,,,,,,,,,,,,,,,,180.72709031700015,182.72802112099998,180.24423282500015,180.7437632650001,left,0,0.9935672440001326,180.24423282500015,None,,,,,,,,,,,DTPE,3,prac,FPCNB,2021_Sep_22_1037,nBack_prac,2021.1.4,60.024603724856114,
2,,,,,,,,,0,1,1,1,0,0,0,0,2,0,2,0,,,,,,,,,,,,,,,,,,,,,,,,,,,,,,,,,,,2,C,0,,,,,,,,,,,,,,,,,,,183.2282033150002,185.22917651700004,182.7467855670002,183.26131115500016,right,0,0.5003440580001097,182.7467855670002,None,,,,,,,,,,,DTPE,3,prac,FPCNB,2021_Sep_22_1037,nBack_prac,2021.1.4,60.024603724856114,
2,,,,,,,,,0,1,1,1,0,0,0,0,3,0,3,0,,,,,,,,,,,,,,,,,,,,,,,,,,,,,,,,,,,3,B,1,,,,,,,,,,,,,,,,,,,185.72949043500012,187.73041837200003,185.24786471000016,185.7627524930001,right,1,0.9642392499999914,185.24786471000016,None,,,,,,,,,,,DTPE,3,prac,FPCNB,2021_Sep_22_1037,nBack_prac,2021.1.4,60.024603724856114,
2,,,,,,,,,0,1,1,1,0,0,0,0,4,0,4,0,,,,,,,,,,,,,,,,,,,,,,,,,,,,,,,,,,,4,D,0,,,,,,,,,,,,,,,,,,,188.23065286200017,190.23167256400006,187.74942611000006,188.26395499199998,left,1,0.6255041020001499,187.74942611000006,None,,,,,,,,,,,DTPE,3,prac,FPCNB,2021_Sep_22_1037,nBack_prac,2021.1.4,60.024603724856114,
2,,,,,,,,,0,1,1,1,0,0,0,0,5,0,5,0,,,,,,,,,,,,,,,,,,,,,,,,,,,,,,,,,,,5,L,0,,,,,,,,,,,,,,,,,,,190.73187299000006,192.73285140400003,190.25156093700002,190.76522782400002,left,1,0.5480946769998809,190.25156093700002,None,,,,,,,,,,,DTPE,3,prac,FPCNB,2021_Sep_22_1037,nBack_prac,2021.1.4,60.024603724856114,
2,,,,,,,,,0,1,1,1,0,0,0,0,6,0,6,0,,,,,,,,,,,,,,,,,,,,,,,,,,,,,,,,,,,6,C,0,,,,,,,,,,,,,,,,,,,193.2331010360001,195.23394484599999,192.753024546,193.26635147600018,left,1,0.5355931510000573,192.753024546,None,,,,,,,,,,,DTPE,3,prac,FPCNB,2021_Sep_22_1037,nBack_prac,2021.1.4,60.024603724856114,
2,,,,,,,,,0,1,1,1,0,0,0,0,7,0,7,0,,,,,,,,,,,,,,,,,,,,,,,,,,,,,,,,,,,7,L,1,,,,,,,,,,,,,,,,,,,195.7341830920002,197.735136946,195.25286797600006,195.76780850600016,right,1,0.3628843550000056,195.25286797600006,None,,,,,,,,,,,DTPE,3,prac,FPCNB,2021_Sep_22_1037,nBack_prac,2021.1.4,60.024603724856114,
2,,,,,,,,,0,1,1,1,0,0,0,0,8,0,8,0,,,,,,,,,,,,,,,,,,,,,,,,,,,,,,,,,,,8,B,0,,,,,,,,,,,,,,,,,,,198.23542155400014,200.2364181060002,197.75409227600016,198.268737354,left,1,0.39822600999991664,197.75409227600016,None,,,,,,,,,,,DTPE,3,prac,FPCNB,2021_Sep_22_1037,nBack_prac,2021.1.4,60.024603724856114,
2,,,,,,,,,0,1,1,1,0,0,0,0,9,0,9,0,,,,,,,,,,,,,,,,,,,,,,,,,,,,,,,,,,,9,T,0,,,,,,,,,,,,,,,,,,,200.736653316,202.7374875150001,200.25502318600002,200.76991654300014,left,1,0.5472881370001232,200.25502318600002,None,,,,,,,,,,,DTPE,3,prac,FPCNB,2021_Sep_22_1037,nBack_prac,2021.1.4,60.024603724856114,
2,,,,,,,,,0,1,1,1,0,0,0,0,10,0,10,0,,,,,,,,,,,,,,,,,,,,,,,,,,,,,,,,,,,10,B,1,,,,,,,,,,,,,,,,,,,203.23747319000017,205.2387616330002,202.75614220800003,203.27121873300007,right,1,0.3780425799998284,202.75614220800003,None,,,,,,,,,,,DTPE,3,prac,FPCNB,2021_Sep_22_1037,nBack_prac,2021.1.4,60.024603724856114,
2,,,,,,,,,0,1,1,1,0,0,0,0,11,0,11,0,,,,,,,,,,,,,,,,,,,,,,,,,,,,,,,,,,,11,P,0,,,,,,,,,,,,,,,,,,,205.7390512730001,207.73982822300013,205.2574966650002,205.7722932680001,left,1,0.6395269079998798,205.2574966650002,None,,,,,,,,,,,DTPE,3,prac,FPCNB,2021_Sep_22_1037,nBack_prac,2021.1.4,60.024603724856114,
2,,,,,,,,,0,1,1,1,0,0,0,0,12,0,12,0,,,,,,,,,,,,,,,,,,,,,,,,,,,,,,,,,,,12,T,0,,,,,,,,,,,,,,,,,,,208.24021453500018,210.241040848,207.75927553500014,208.2738785040001,left,1,0.5095005569999103,207.75927553500014,None,,,,,,,,,,,DTPE,3,prac,FPCNB,2021_Sep_22_1037,nBack_prac,2021.1.4,60.024603724856114,
2,,,,,,,,,0,1,1,1,0,0,0,0,13,0,13,0,,,,,,,,,,,,,,,,,,,,,,,,,,,,,,,,,,,13,P,1,,,,,,,,,,,,,,,,,,,210.7413883480001,None,210.26009913200005,210.77448829000014,right,1,0.5764739869998721,210.26009913200005,None,,,,,,,,,,,DTPE,3,prac,FPCNB,2021_Sep_22_1037,nBack_prac,2021.1.4,60.024603724856114,
2,,,,,,,,,0,1,1,1,0,0,0,0,14,0,14,0,,,,,,,,,,,,,,,,,,,,,,,,,,,,,,,,,,,14,L,0,,,,,,,,,,,,,,,,,,,213.225934284,215.226900872,212.74487770400015,213.25918749200014,left,1,0.427609695000001,212.74487770400015,None,,,,,,,,,,,DTPE,3,prac,FPCNB,2021_Sep_22_1037,nBack_prac,2021.1.4,60.024603724856114,
2,,,,,,,,,0,1,1,1,0,0,0,0,15,0,15,0,,,,,,,,,,,,,,,,,,,,,,,,,,,,,,,,,,,15,P,1,,,,,,,,,,,,,,,,,,,215.72704872000008,217.72794252000017,215.24573188099998,215.76043426,right,1,0.34764281899992966,215.24573188099998,None,,,,,,,,,,,DTPE,3,prac,FPCNB,2021_Sep_22_1037,nBack_prac,2021.1.4,60.024603724856114,
2,,,,,,,,,0,1,1,1,0,0,0,0,16,0,16,0,,,,,,,,,,,,,,,,,,,,,,,,,,,,,,,,,,,0,G,0,,,,,,,,,,,,,,,,,,,218.22777799200003,220.2291894340001,217.74792793400002,218.2617801240001,left,1,0.46920446299986907,217.74792793400002,None,,,,,,,,,,,DTPE,3,prac,FPCNB,2021_Sep_22_1037,nBack_prac,2021.1.4,60.024603724856114,
2,,,,,,,,,0,1,1,1,0,0,0,0,17,0,17,0,,,,,,,,,,,,,,,,,,,,,,,,,,,,,,,,,,,1,P,1,,,,,,,,,,,,,,,,,,,220.72946585900013,222.73029442100005,220.24832416800018,220.7628314340002,right,1,0.3896082230000957,220.24832416800018,None,,,,,,,,,,,DTPE,3,prac,FPCNB,2021_Sep_22_1037,nBack_prac,2021.1.4,60.024603724856114,
2,,,,,,,,,0,1,1,1,0,0,0,0,,,,,,,,,,,,,,,,,,,,,,,,,,,,,,,,,,,,,,,,,,,,,,,,,,,,,,,,,,,,,,,,,,,,,222.763740181,None,space,1.6953489969998827,222.763740181,None,,,,,DTPE,3,prac,FPCNB,2021_Sep_22_1037,nBack_prac,2021.1.4,60.024603724856114,
2,,,,,,,,,0,1,1,1,,,,,,,,,,,,,,,,,,,,,,,,,,,,,,,,,,,,,,,,,,,,,,,,,,,,,,,,,,,,,,,,,,,,,,,,,,,,,,,,,,,DTPE,3,prac,FPCNB,2021_Sep_22_1037,nBack_prac,2021.1.4,60.024603724856114,
,,,,,,,,,,,,,,,,,,,,,,,,,,,,,,,,,,,,,,,,,,,,,,,,,,,,,,,,,,,,,,,,,,,1,,,,,,,,,,,,,,,,,,,,,,,,224.48135640300006,None,1,1,,,,,,,,,
