﻿N_prac,trials_3.thisRepN,trials_3.thisTrialN,trials_3.thisN,trials_3.thisIndex,trials.thisRepN,trials.thisTrialN,trials.thisN,trials.thisIndex,trials_2.thisRepN,trials_2.thisTrialN,trials_2.thisN,trials_2.thisIndex,trials_4.thisRepN,trials_4.thisTrialN,trials_4.thisN,trials_4.thisIndex,trials_8.thisRepN,trials_8.thisTrialN,trials_8.thisN,trials_8.thisIndex,key_resp_9.keys,key_resp_9.rt,key_resp_9.started,key_resp_9.stopped,text_6.started,text_6.stopped,image.started,image.stopped,key_resp_10.keys,key_resp_10.rt,key_resp_10.started,key_resp_10.stopped,key_resp_11.keys,key_resp_11.rt,key_resp_11.started,key_resp_11.stopped,image_2.started,image_2.stopped,image_3.started,image_3.stopped,key_resp_12.keys,key_resp_12.rt,key_resp_12.started,key_resp_12.stopped,text_8.started,text_8.stopped,key_resp_14.keys,key_resp_14.rt,key_resp_14.started,key_resp_14.stopped,text_2.started,text_2.stopped,fixation_start.started,fixation_start.stopped,trialCount,itemPresented,trialType,fixation_3.started,fixation_3.stopped,letter_0back.started,letter_0back.stopped,key_resp_5.keys,key_resp_5.corr,key_resp_5.rt,key_resp_5.started,key_resp_5.stopped,pracRep0,text_4.started,text_4.stopped,key_resp_7.keys,key_resp_7.rt,key_resp_7.started,key_resp_7.stopped,instructionsTxt.started,instructionsTxt.stopped,fixation.started,fixation.stopped,letter.started,letter.stopped,key_resp_2.keys,key_resp_2.corr,key_resp_2.rt,key_resp_2.started,key_resp_2.stopped,text_5.started,text_5.stopped,key_resp_8.keys,key_resp_8.rt,key_resp_8.started,key_resp_8.stopped,text.started,text.stopped,pracRepN1,pracRepN2,participant,counterbalance,session (Prac, Pre, Post),stim site,date,expName,psychopyVersion,frameRate,
,,,,,,,,,,,,,,,,,,,,,space,6.322821772999987,28.25067259399998,None,,,,,,,,,,,,,,,,,,,,,,,,,,,,,,,,,,,,,,,,,,,,,,,,,,,,,,,,,,,,,,,,,,,,,,,P_XZO,2,Prac,FPCN_B,2021_Aug_30_1508,nBack_prac,2021.1.4,59.765454061470294,
,,,,,,,,,,,,,,,,,,,,,,,,,28.25067259399998,None,34.60430385899997,None,space,3.525023233000013,34.60430385899997,None,,,,,,,,,,,,,,,,,,,,,,,,,,,,,,,,,,,,,,,,,,,,,,,,,,,,,,,,,,,,,,,P_XZO,2,Prac,FPCN_B,2021_Aug_30_1508,nBack_prac,2021.1.4,59.765454061470294,
,,,,,,,,,,,,,,,,,,,,,,,,,,,,,,,,,space,1.963417531999994,38.15592430099997,None,,,,,,,,,,,,,,,,,,,,,,,,,,,,,,,,,,,,,,,,,,,,,,,,,,,,,,,,,,,P_XZO,2,Prac,FPCN_B,2021_Aug_30_1508,nBack_prac,2021.1.4,59.765454061470294,
,,,,,,,,,,,,,,,,,,,,,,,,,,,,,,,,,,,,,38.15592430099997,None,40.15425478999998,None,space,1.0619918969999844,40.15425478999998,None,,,,,,,,,,,,,,,,,,,,,,,,,,,,,,,,,,,,,,,,,,,,,,,,,,,P_XZO,2,Prac,FPCN_B,2021_Aug_30_1508,nBack_prac,2021.1.4,59.765454061470294,
,,,,,,,,,,,,,,,,,,,,,,,,,,,,,,,,,,,,,,,,,,,,,41.23396515799999,None,space,2.3001613929999962,41.23396515799999,None,,,,,,,,,,,,,,,,,,,,,,,,,,,,,,,,,,,,,,,,,,,,,P_XZO,2,Prac,FPCN_B,2021_Aug_30_1508,nBack_prac,2021.1.4,59.765454061470294,
,0,0,0,0,0,0,0,0,,,,,,,,,,,,,,,,,,,,,,,,,,,,,,,,,,,,,,,,,,,43.554226648,None,45.118851054000004,None,0,L,0,47.620837877999975,None,47.13705350799995,47.63731466399997,left,1,0.6086635280000223,47.13705350799995,None,,,,,,,,,,,,,,,,,,,,,,,,,,,,,P_XZO,2,Prac,FPCN_B,2021_Aug_30_1508,nBack_prac,2021.1.4,59.765454061470294,
,0,0,0,0,1,0,1,0,,,,,,,,,,,,,,,,,,,,,,,,,,,,,,,,,,,,,,,,,,,,,,,1,P,0,50.10519234699996,52.10610498899996,49.623978566999995,50.13861627699998,left,1,0.4877250579999668,49.623978566999995,None,,,,,,,,,,,,,,,,,,,,,,,,,,,,,P_XZO,2,Prac,FPCN_B,2021_Aug_30_1508,nBack_prac,2021.1.4,59.765454061470294,
,0,0,0,0,2,0,2,0,,,,,,,,,,,,,,,,,,,,,,,,,,,,,,,,,,,,,,,,,,,,,,,2,T,0,52.60589148399998,54.60739553399998,52.12528752399999,52.63964961400001,left,1,0.4680047349999654,52.12528752399999,None,,,,,,,,,,,,,,,,,,,,,,,,,,,,,P_XZO,2,Prac,FPCN_B,2021_Aug_30_1508,nBack_prac,2021.1.4,59.765454061470294,
,0,0,0,0,3,0,3,0,,,,,,,,,,,,,,,,,,,,,,,,,,,,,,,,,,,,,,,,,,,,,,,3,P,0,55.107585046999986,57.108464121,54.62691758699998,55.140989327,left,1,0.4812760849999904,54.62691758699998,None,,,,,,,,,,,,,,,,,,,,,,,,,,,,,P_XZO,2,Prac,FPCN_B,2021_Aug_30_1508,nBack_prac,2021.1.4,59.765454061470294,
,0,0,0,0,4,0,4,0,,,,,,,,,,,,,,,,,,,,,,,,,,,,,,,,,,,,,,,,,,,,,,,4,X,1,57.608829743,59.60964214899997,57.128441769000005,57.64218232099995,right,1,0.5847209719999569,57.128441769000005,None,,,,,,,,,,,,,,,,,,,,,,,,,,,,,P_XZO,2,Prac,FPCN_B,2021_Aug_30_1508,nBack_prac,2021.1.4,59.765454061470294,
,0,0,0,0,5,0,5,0,,,,,,,,,,,,,,,,,,,,,,,,,,,,,,,,,,,,,,,,,,,,,,,5,P,0,60.109961763,62.11091731799996,59.627793209000004,60.14326383599996,left,1,0.5883512319999795,59.627793209000004,None,,,,,,,,,,,,,,,,,,,,,,,,,,,,,P_XZO,2,Prac,FPCN_B,2021_Aug_30_1508,nBack_prac,2021.1.4,59.765454061470294,
,0,0,0,0,6,0,6,0,,,,,,,,,,,,,,,,,,,,,,,,,,,,,,,,,,,,,,,,,,,,,,,6,X,1,62.61117581599996,64.61206279999999,62.12910798599995,62.644455558000004,right,1,0.5397109950000072,62.12910798599995,None,,,,,,,,,,,,,,,,,,,,,,,,,,,,,P_XZO,2,Prac,FPCN_B,2021_Aug_30_1508,nBack_prac,2021.1.4,59.765454061470294,
,0,0,0,0,7,0,7,0,,,,,,,,,,,,,,,,,,,,,,,,,,,,,,,,,,,,,,,,,,,,,,,7,N,0,65.11233484999997,67.11320778799995,64.631583858,65.145691768,left,1,0.604146782999976,64.631583858,None,,,,,,,,,,,,,,,,,,,,,,,,,,,,,P_XZO,2,Prac,FPCN_B,2021_Aug_30_1508,nBack_prac,2021.1.4,59.765454061470294,
,0,0,0,0,8,0,8,0,,,,,,,,,,,,,,,,,,,,,,,,,,,,,,,,,,,,,,,,,,,,,,,8,C,0,67.613431268,69.614341438,67.13294698599998,67.64680508599997,left,1,0.5706431059999773,67.13294698599998,None,,,,,,,,,,,,,,,,,,,,,,,,,,,,,P_XZO,2,Prac,FPCN_B,2021_Aug_30_1508,nBack_prac,2021.1.4,59.765454061470294,
,0,0,0,0,9,0,9,0,,,,,,,,,,,,,,,,,,,,,,,,,,,,,,,,,,,,,,,,,,,,,,,9,G,0,70.114857228,72.11556064499996,69.63414136999995,70.14810916799996,left,1,0.5273926170000323,69.63414136999995,None,,,,,,,,,,,,,,,,,,,,,,,,,,,,,P_XZO,2,Prac,FPCN_B,2021_Aug_30_1508,nBack_prac,2021.1.4,59.765454061470294,
,0,0,0,0,10,0,10,0,,,,,,,,,,,,,,,,,,,,,,,,,,,,,,,,,,,,,,,,,,,,,,,10,X,1,72.61572204199996,74.61673833699996,72.134944228,72.64907213499998,right,1,0.6253467829999977,72.134944228,None,,,,,,,,,,,,,,,,,,,,,,,,,,,,,P_XZO,2,Prac,FPCN_B,2021_Aug_30_1508,nBack_prac,2021.1.4,59.765454061470294,
,0,0,0,0,11,0,11,0,,,,,,,,,,,,,,,,,,,,,,,,,,,,,,,,,,,,,,,,,,,,,,,11,N,0,75.117326247,77.11792785899996,74.63507531199997,75.150261737,left,1,0.558863888000019,74.63507531199997,None,,,,,,,,,,,,,,,,,,,,,,,,,,,,,P_XZO,2,Prac,FPCN_B,2021_Aug_30_1508,nBack_prac,2021.1.4,59.765454061470294,
,0,0,0,0,12,0,12,0,,,,,,,,,,,,,,,,,,,,,,,,,,,,,,,,,,,,,,,,,,,,,,,12,X,1,77.61843423899995,79.619133401,77.13624731699997,77.65156653499997,right,1,0.6726978419999909,77.13624731699997,None,,,,,,,,,,,,,,,,,,,,,,,,,,,,,P_XZO,2,Prac,FPCN_B,2021_Aug_30_1508,nBack_prac,2021.1.4,59.765454061470294,
,0,0,0,0,13,0,13,0,,,,,,,,,,,,,,,,,,,,,,,,,,,,,,,,,,,,,,,,,,,,,,,13,P,0,80.119357509,82.12036608099999,79.63729841899999,80.15268460699997,left,1,0.548550702,79.63729841899999,None,,,,,,,,,,,,,,,,,,,,,,,,,,,,,P_XZO,2,Prac,FPCN_B,2021_Aug_30_1508,nBack_prac,2021.1.4,59.765454061470294,
,0,0,0,0,14,0,14,0,,,,,,,,,,,,,,,,,,,,,,,,,,,,,,,,,,,,,,,,,,,,,,,14,F,0,82.620587951,None,82.14150918299998,82.65388929099998,left,1,0.5299537329999566,82.14150918299998,None,,,,,,,,,,,,,,,,,,,,,,,,,,,,,P_XZO,2,Prac,FPCN_B,2021_Aug_30_1508,nBack_prac,2021.1.4,59.765454061470294,
,0,0,0,0,15,0,15,0,,,,,,,,,,,,,,,,,,,,,,,,,,,,,,,,,,,,,,,,,,,,,,,15,X,1,85.105567371,87.10601877099998,84.62285932399999,85.12180875799999,right,1,0.5967661399999997,84.62285932399999,None,,,,,,,,,,,,,,,,,,,,,,,,,,,,,P_XZO,2,Prac,FPCN_B,2021_Aug_30_1508,nBack_prac,2021.1.4,59.765454061470294,
,0,0,0,0,16,0,16,0,,,,,,,,,,,,,,,,,,,,,,,,,,,,,,,,,,,,,,,,,,,,,,,16,B,0,87.606442136,89.60744996199998,87.12551922,87.639799574,left,1,0.6847712559999763,87.12551922,None,,,,,,,,,,,,,,,,,,,,,,,,,,,,,P_XZO,2,Prac,FPCN_B,2021_Aug_30_1508,nBack_prac,2021.1.4,59.765454061470294,
,0,0,0,0,17,0,17,0,,,,,,,,,,,,,,,,,,,,,,,,,,,,,,,,,,,,,,,,,,,,,,,17,X,1,90.10751704799998,92.10835605599999,89.62425983999998,90.12421151399997,right,1,0.6408976270000153,89.62425983999998,None,,,,,,,,,,,,,,,,,,,,,,,,,,,,,P_XZO,2,Prac,FPCN_B,2021_Aug_30_1508,nBack_prac,2021.1.4,59.765454061470294,
,0,0,0,0,,,,,,,,,,,,,,,,,,,,,,,,,,,,,,,,,,,,,,,,,,,,,,,,,,,,,,,,,,,,,,,1,92.14306362599996,None,space,2.5067037619999724,92.14306362599996,None,,,,,,,,,,,,,,,,,,,,,,P_XZO,2,Prac,FPCN_B,2021_Aug_30_1508,nBack_prac,2021.1.4,59.765454061470294,
1,,,,,,,,,0,0,0,0,0,0,0,0,0,0,0,0,,,,,,,,,,,,,,,,,,,,,,,,,,,,,,,,,96.20964650999997,None,0,B,0,,,,,,,,,,,,,,,,,94.72649791799995,None,98.69570832699998,100.69644111299999,98.22775994899996,98.72889773699995,left,1,0.7996769680000284,98.22775994899996,None,,,,,,,,,,,P_XZO,2,Prac,FPCN_B,2021_Aug_30_1508,nBack_prac,2021.1.4,59.765454061470294,
1,,,,,,,,,0,0,0,0,0,0,0,0,1,0,1,0,,,,,,,,,,,,,,,,,,,,,,,,,,,,,,,,,,,1,D,0,,,,,,,,,,,,,,,,,,,101.19602177499996,103.19765781899997,100.72963479699996,101.22982229499996,left,1,0.7115777240000511,100.72963479699996,None,,,,,,,,,,,P_XZO,2,Prac,FPCN_B,2021_Aug_30_1508,nBack_prac,2021.1.4,59.765454061470294,
1,,,,,,,,,0,0,0,0,0,0,0,0,2,0,2,0,,,,,,,,,,,,,,,,,,,,,,,,,,,,,,,,,,,2,D,1,,,,,,,,,,,,,,,,,,,103.69776668899999,105.698600967,103.21460850899996,103.714354705,right,1,0.5314888099999848,103.21460850899996,None,,,,,,,,,,,P_XZO,2,Prac,FPCN_B,2021_Aug_30_1508,nBack_prac,2021.1.4,59.765454061470294,
1,,,,,,,,,0,0,0,0,0,0,0,0,3,0,3,0,,,,,,,,,,,,,,,,,,,,,,,,,,,,,,,,,,,3,P,0,,,,,,,,,,,,,,,,,,,106.21553257599999,None,105.73197825399996,106.23218233899996,left,1,0.7538694250000049,105.73197825399996,None,,,,,,,,,,,P_XZO,2,Prac,FPCN_B,2021_Aug_30_1508,nBack_prac,2021.1.4,59.765454061470294,
1,,,,,,,,,0,0,0,0,0,0,0,0,4,0,4,0,,,,,,,,,,,,,,,,,,,,,,,,,,,,,,,,,,,4,L,0,,,,,,,,,,,,,,,,,,,108.69995437399996,110.70072404399997,108.219704692,108.73307069399999,left,1,0.5800094919999879,108.219704692,None,,,,,,,,,,,P_XZO,2,Prac,FPCN_B,2021_Aug_30_1508,nBack_prac,2021.1.4,59.765454061470294,
1,,,,,,,,,0,0,0,0,0,0,0,0,5,0,5,0,,,,,,,,,,,,,,,,,,,,,,,,,,,,,,,,,,,5,L,1,,,,,,,,,,,,,,,,,,,111.20110147599996,113.20188908399996,110.72058395799996,111.234288408,right,1,0.4520101230000364,110.72058395799996,None,,,,,,,,,,,P_XZO,2,Prac,FPCN_B,2021_Aug_30_1508,nBack_prac,2021.1.4,59.765454061470294,
1,,,,,,,,,0,0,0,0,0,0,0,0,6,0,6,0,,,,,,,,,,,,,,,,,,,,,,,,,,,,,,,,,,,6,G,0,,,,,,,,,,,,,,,,,,,113.70239857799999,115.70302917599997,113.22153634399996,113.73539609599999,left,1,0.4657202700000198,113.22153634399996,None,,,,,,,,,,,P_XZO,2,Prac,FPCN_B,2021_Aug_30_1508,nBack_prac,2021.1.4,59.765454061470294,
1,,,,,,,,,0,0,0,0,0,0,0,0,7,0,7,0,,,,,,,,,,,,,,,,,,,,,,,,,,,,,,,,,,,7,P,0,,,,,,,,,,,,,,,,,,,116.20341985599998,118.20421122799996,115.72304584299997,116.236655456,left,1,0.48516282600002114,115.72304584299997,None,,,,,,,,,,,P_XZO,2,Prac,FPCN_B,2021_Aug_30_1508,nBack_prac,2021.1.4,59.765454061470294,
1,,,,,,,,,0,0,0,0,0,0,0,0,8,0,8,0,,,,,,,,,,,,,,,,,,,,,,,,,,,,,,,,,,,8,G,0,,,,,,,,,,,,,,,,,,,118.70442945299999,120.70542959299996,118.22444424699995,118.737844355,left,1,0.5256594800000016,118.22444424699995,None,,,,,,,,,,,P_XZO,2,Prac,FPCN_B,2021_Aug_30_1508,nBack_prac,2021.1.4,59.765454061470294,
1,,,,,,,,,0,0,0,0,0,0,0,0,9,0,9,0,,,,,,,,,,,,,,,,,,,,,,,,,,,,,,,,,,,9,G,1,,,,,,,,,,,,,,,,,,,121.20568257499997,123.20637597499996,120.72392807299997,121.239299131,right,1,1.1109942960000012,120.72392807299997,None,,,,,,,,,,,P_XZO,2,Prac,FPCN_B,2021_Aug_30_1508,nBack_prac,2021.1.4,59.765454061470294,
1,,,,,,,,,0,0,0,0,0,0,0,0,10,0,10,0,,,,,,,,,,,,,,,,,,,,,,,,,,,,,,,,,,,10,N,0,,,,,,,,,,,,,,,,,,,123.70719884499994,125.70823940700001,123.239681265,123.74075020699996,left,1,0.5731274620000022,123.239681265,None,,,,,,,,,,,P_XZO,2,Prac,FPCN_B,2021_Aug_30_1508,nBack_prac,2021.1.4,59.765454061470294,
1,,,,,,,,,0,0,0,0,0,0,0,0,11,0,11,0,,,,,,,,,,,,,,,,,,,,,,,,,,,,,,,,,,,11,P,0,,,,,,,,,,,,,,,,,,,126.20839499999994,128.20911967399996,125.72706601700003,126.24166828699998,left,1,0.7015585159999773,125.72706601700003,None,,,,,,,,,,,P_XZO,2,Prac,FPCN_B,2021_Aug_30_1508,nBack_prac,2021.1.4,59.765454061470294,
1,,,,,,,,,0,0,0,0,0,0,0,0,12,0,12,0,,,,,,,,,,,,,,,,,,,,,,,,,,,,,,,,,,,12,P,1,,,,,,,,,,,,,,,,,,,128.70935894999997,130.71006674199992,128.22582643200002,128.725884032,right,1,0.7327596380000614,128.22582643200002,None,,,,,,,,,,,P_XZO,2,Prac,FPCN_B,2021_Aug_30_1508,nBack_prac,2021.1.4,59.765454061470294,
1,,,,,,,,,0,0,0,0,0,0,0,0,13,0,13,0,,,,,,,,,,,,,,,,,,,,,,,,,,,,,,,,,,,13,C,0,,,,,,,,,,,,,,,,,,,131.21043479999997,None,130.72997859000003,131.24382191599994,left,1,0.646480305999944,130.72997859000003,None,,,,,,,,,,,P_XZO,2,Prac,FPCN_B,2021_Aug_30_1508,nBack_prac,2021.1.4,59.765454061470294,
1,,,,,,,,,0,0,0,0,0,0,0,0,14,0,14,0,,,,,,,,,,,,,,,,,,,,,,,,,,,,,,,,,,,14,L,0,,,,,,,,,,,,,,,,,,,133.694885662,135.69619572999994,133.21324417599993,133.72832769899998,left,1,0.5961231700000553,133.21324417599993,None,,,,,,,,,,,P_XZO,2,Prac,FPCN_B,2021_Aug_30_1508,nBack_prac,2021.1.4,59.765454061470294,
1,,,,,,,,,0,0,0,0,0,0,0,0,15,0,15,0,,,,,,,,,,,,,,,,,,,,,,,,,,,,,,,,,,,15,L,1,,,,,,,,,,,,,,,,,,,136.19625587399997,138.19722482599997,135.712879806,136.21279907899992,right,1,0.6590937749999739,135.712879806,None,,,,,,,,,,,P_XZO,2,Prac,FPCN_B,2021_Aug_30_1508,nBack_prac,2021.1.4,59.765454061470294,
1,,,,,,,,,0,0,0,0,0,0,0,0,16,0,16,0,,,,,,,,,,,,,,,,,,,,,,,,,,,,,,,,,,,16,D,0,,,,,,,,,,,,,,,,,,,138.69727664600003,140.69820865899993,138.21713391600002,138.73071447900003,left,1,0.6377446550000059,138.21713391600002,None,,,,,,,,,,,P_XZO,2,Prac,FPCN_B,2021_Aug_30_1508,nBack_prac,2021.1.4,59.765454061470294,
1,,,,,,,,,0,0,0,0,0,0,0,0,17,0,17,0,,,,,,,,,,,,,,,,,,,,,,,,,,,,,,,,,,,17,D,1,,,,,,,,,,,,,,,,,,,141.198651935,143.199478285,140.71670493599999,141.23202614899998,right,1,0.600889952999978,140.71670493599999,None,,,,,,,,,,,P_XZO,2,Prac,FPCN_B,2021_Aug_30_1508,nBack_prac,2021.1.4,59.765454061470294,
1,,,,,,,,,0,0,0,0,0,0,0,0,,,,,,,,,,,,,,,,,,,,,,,,,,,,,,,,,,,,,,,,,,,,,,,,,,,,,,,,,,,,,,,,,,,,,143.232842855,None,space,2.336681434999946,143.232842855,None,,,,,P_XZO,2,Prac,FPCN_B,2021_Aug_30_1508,nBack_prac,2021.1.4,59.765454061470294,
1,,,,,,,,,0,0,0,0,,,,,,,,,,,,,,,,,,,,,,,,,,,,,,,,,,,,,,,,,,,,,,,,,,,,,,,,,,,,,,,,,,,,,,,,,,,,,,,,,,,P_XZO,2,Prac,FPCN_B,2021_Aug_30_1508,nBack_prac,2021.1.4,59.765454061470294,
2,,,,,,,,,0,1,1,1,0,0,0,0,0,0,0,0,,,,,,,,,,,,,,,,,,,,,,,,,,,,,,,,,148.234414113,None,0,D,1,,,,,,,,,,,,,,,,,145.633849925,None,150.71931533000003,152.72028451800003,150.23722670799992,150.75238328999995,left,0,0.41416306199994324,150.23722670799992,None,,,,,,,,,,,P_XZO,2,Prac,FPCN_B,2021_Aug_30_1508,nBack_prac,2021.1.4,59.765454061470294,
2,,,,,,,,,0,1,1,1,0,0,0,0,1,0,1,0,,,,,,,,,,,,,,,,,,,,,,,,,,,,,,,,,,,1,L,0,,,,,,,,,,,,,,,,,,,153.220518088,155.22139268199993,152.73862459799994,153.25383805999996,left,1,0.5354682670000557,152.73862459799994,None,,,,,,,,,,,P_XZO,2,Prac,FPCN_B,2021_Aug_30_1508,nBack_prac,2021.1.4,59.765454061470294,
2,,,,,,,,,0,1,1,1,0,0,0,0,2,0,2,0,,,,,,,,,,,,,,,,,,,,,,,,,,,,,,,,,,,2,P,0,,,,,,,,,,,,,,,,,,,155.72170830199997,157.72265840199992,155.239846322,155.755032772,left,1,0.5659848970000212,155.239846322,None,,,,,,,,,,,P_XZO,2,Prac,FPCN_B,2021_Aug_30_1508,nBack_prac,2021.1.4,59.765454061470294,
2,,,,,,,,,0,1,1,1,0,0,0,0,3,0,3,0,,,,,,,,,,,,,,,,,,,,,,,,,,,,,,,,,,,3,L,1,,,,,,,,,,,,,,,,,,,158.22294267399997,160.223900507,157.740592779,158.23950551900003,right,1,0.4643374799999265,157.740592779,None,,,,,,,,,,,P_XZO,2,Prac,FPCN_B,2021_Aug_30_1508,nBack_prac,2021.1.4,59.765454061470294,
2,,,,,,,,,0,1,1,1,0,0,0,0,4,0,4,0,,,,,,,,,,,,,,,,,,,,,,,,,,,,,,,,,,,4,T,0,,,,,,,,,,,,,,,,,,,160.72404346899992,162.72514765900002,160.24263060899995,160.75708116799996,left,1,0.5008867699999655,160.24263060899995,None,,,,,,,,,,,P_XZO,2,Prac,FPCN_B,2021_Aug_30_1508,nBack_prac,2021.1.4,59.765454061470294,
2,,,,,,,,,0,1,1,1,0,0,0,0,5,0,5,0,,,,,,,,,,,,,,,,,,,,,,,,,,,,,,,,,,,5,N,0,,,,,,,,,,,,,,,,,,,163.225269813,165.22640866299997,162.74308148899996,163.25853059899993,left,1,0.5604844879999291,162.74308148899996,None,,,,,,,,,,,P_XZO,2,Prac,FPCN_B,2021_Aug_30_1508,nBack_prac,2021.1.4,59.765454061470294,
2,,,,,,,,,0,1,1,1,0,0,0,0,6,0,6,0,,,,,,,,,,,,,,,,,,,,,,,,,,,,,,,,,,,6,T,1,,,,,,,,,,,,,,,,,,,165.72660070699993,167.72736373100003,165.24405882899993,165.743127539,right,1,0.5261795500000517,165.24405882899993,None,,,,,,,,,,,P_XZO,2,Prac,FPCN_B,2021_Aug_30_1508,nBack_prac,2021.1.4,59.765454061470294,
2,,,,,,,,,0,1,1,1,0,0,0,0,7,0,7,0,,,,,,,,,,,,,,,,,,,,,,,,,,,,,,,,,,,7,D,0,,,,,,,,,,,,,,,,,,,168.227854411,170.22854062099992,167.746716016,168.261145386,left,1,0.6223503219999884,167.746716016,None,,,,,,,,,,,P_XZO,2,Prac,FPCN_B,2021_Aug_30_1508,nBack_prac,2021.1.4,59.765454061470294,
2,,,,,,,,,0,1,1,1,0,0,0,0,8,0,8,0,,,,,,,,,,,,,,,,,,,,,,,,,,,,,,,,,,,8,P,0,,,,,,,,,,,,,,,,,,,170.72897542999993,172.72973535800003,170.24663309099998,170.74548497999996,left,1,0.5704447470000105,170.24663309099998,None,,,,,,,,,,,P_XZO,2,Prac,FPCN_B,2021_Aug_30_1508,nBack_prac,2021.1.4,59.765454061470294,
2,,,,,,,,,0,1,1,1,0,0,0,0,9,0,9,0,,,,,,,,,,,,,,,,,,,,,,,,,,,,,,,,,,,9,F,0,,,,,,,,,,,,,,,,,,,173.230036708,175.23104051599995,172.74916983999998,173.26329146799998,left,1,0.5406864980000137,172.74916983999998,None,,,,,,,,,,,P_XZO,2,Prac,FPCN_B,2021_Aug_30_1508,nBack_prac,2021.1.4,59.765454061470294,
2,,,,,,,,,0,1,1,1,0,0,0,0,10,0,10,0,,,,,,,,,,,,,,,,,,,,,,,,,,,,,,,,,,,10,P,1,,,,,,,,,,,,,,,,,,,175.73115001000002,177.73209925199995,175.24886028600002,175.76448124799998,right,1,0.49177134400008526,175.24886028600002,None,,,,,,,,,,,P_XZO,2,Prac,FPCN_B,2021_Aug_30_1508,nBack_prac,2021.1.4,59.765454061470294,
2,,,,,,,,,0,1,1,1,0,0,0,0,11,0,11,0,,,,,,,,,,,,,,,,,,,,,,,,,,,,,,,,,,,11,B,0,,,,,,,,,,,,,,,,,,,178.232348468,180.23327515,177.75120396200003,178.26571818999997,left,1,0.6803992320000134,177.75120396200003,None,,,,,,,,,,,P_XZO,2,Prac,FPCN_B,2021_Aug_30_1508,nBack_prac,2021.1.4,59.765454061470294,
2,,,,,,,,,0,1,1,1,0,0,0,0,12,0,12,0,,,,,,,,,,,,,,,,,,,,,,,,,,,,,,,,,,,12,G,0,,,,,,,,,,,,,,,,,,,180.733239265,182.73450581699996,180.25139696499997,180.76686766199992,left,1,0.9508697119999852,180.25139696499997,None,,,,,,,,,,,P_XZO,2,Prac,FPCN_B,2021_Aug_30_1508,nBack_prac,2021.1.4,59.765454061470294,
2,,,,,,,,,0,1,1,1,0,0,0,0,13,0,13,0,,,,,,,,,,,,,,,,,,,,,,,,,,,,,,,,,,,13,B,1,,,,,,,,,,,,,,,,,,,183.23476970500002,185.235836161,182.75248407499993,183.26807575899994,right,1,0.8087478779999628,182.75248407499993,None,,,,,,,,,,,P_XZO,2,Prac,FPCN_B,2021_Aug_30_1508,nBack_prac,2021.1.4,59.765454061470294,
2,,,,,,,,,0,1,1,1,0,0,0,0,14,0,14,0,,,,,,,,,,,,,,,,,,,,,,,,,,,,,,,,,,,14,D,0,,,,,,,,,,,,,,,,,,,185.73595785100002,None,185.25386488499993,185.769248225,left,1,0.5192540909999934,185.25386488499993,None,,,,,,,,,,,P_XZO,2,Prac,FPCN_B,2021_Aug_30_1508,nBack_prac,2021.1.4,59.765454061470294,
2,,,,,,,,,0,1,1,1,0,0,0,0,15,0,15,0,,,,,,,,,,,,,,,,,,,,,,,,,,,,,,,,,,,15,B,1,,,,,,,,,,,,,,,,,,,188.22041543400002,190.22132728599996,187.73827107099993,188.25378817899997,right,1,0.858638009999936,187.73827107099993,None,,,,,,,,,,,P_XZO,2,Prac,FPCN_B,2021_Aug_30_1508,nBack_prac,2021.1.4,59.765454061470294,
2,,,,,,,,,0,1,1,1,0,0,0,0,16,0,16,0,,,,,,,,,,,,,,,,,,,,,,,,,,,,,,,,,,,0,D,1,,,,,,,,,,,,,,,,,,,190.72169134899997,192.72257021799993,190.23936532099998,190.75498849900004,left,0,0.7934212330000037,190.23936532099998,None,,,,,,,,,,,P_XZO,2,Prac,FPCN_B,2021_Aug_30_1508,nBack_prac,2021.1.4,59.765454061470294,
2,,,,,,,,,0,1,1,1,0,0,0,0,17,0,17,0,,,,,,,,,,,,,,,,,,,,,,,,,,,,,,,,,,,1,L,0,,,,,,,,,,,,,,,,,,,193.222775668,195.22380611,192.740598981,193.25612885799995,left,1,0.5700915970001006,192.740598981,None,,,,,,,,,,,P_XZO,2,Prac,FPCN_B,2021_Aug_30_1508,nBack_prac,2021.1.4,59.765454061470294,
2,,,,,,,,,0,1,1,1,0,0,0,0,,,,,,,,,,,,,,,,,,,,,,,,,,,,,,,,,,,,,,,,,,,,,,,,,,,,,,,,,,,,,,,,,,,,,195.25714949000002,None,space,2.770240754000042,195.25714949000002,None,,,,,P_XZO,2,Prac,FPCN_B,2021_Aug_30_1508,nBack_prac,2021.1.4,59.765454061470294,
2,,,,,,,,,0,1,1,1,,,,,,,,,,,,,,,,,,,,,,,,,,,,,,,,,,,,,,,,,,,,,,,,,,,,,,,,,,,,,,,,,,,,,,,,,,,,,,,,,,,P_XZO,2,Prac,FPCN_B,2021_Aug_30_1508,nBack_prac,2021.1.4,59.765454061470294,
,,,,,,,,,,,,,,,,,,,,,,,,,,,,,,,,,,,,,,,,,,,,,,,,,,,,,,,,,,,,,,,,,,,1,,,,,,,,,,,,,,,,,,,,,,,,198.05928052400003,None,1,1,,,,,,,,,
