﻿N_prac,trials_3.thisRepN,trials_3.thisTrialN,trials_3.thisN,trials_3.thisIndex,trials.thisRepN,trials.thisTrialN,trials.thisN,trials.thisIndex,trials_2.thisRepN,trials_2.thisTrialN,trials_2.thisN,trials_2.thisIndex,trials_4.thisRepN,trials_4.thisTrialN,trials_4.thisN,trials_4.thisIndex,trials_8.thisRepN,trials_8.thisTrialN,trials_8.thisN,trials_8.thisIndex,key_resp_9.keys,key_resp_9.rt,key_resp_9.started,key_resp_9.stopped,text_6.started,text_6.stopped,image.started,image.stopped,key_resp_10.keys,key_resp_10.rt,key_resp_10.started,key_resp_10.stopped,key_resp_11.keys,key_resp_11.rt,key_resp_11.started,key_resp_11.stopped,image_2.started,image_2.stopped,image_3.started,image_3.stopped,key_resp_12.keys,key_resp_12.rt,key_resp_12.started,key_resp_12.stopped,text_8.started,text_8.stopped,key_resp_14.keys,key_resp_14.rt,key_resp_14.started,key_resp_14.stopped,text_2.started,text_2.stopped,fixation_start.started,fixation_start.stopped,trialCount,itemPresented,trialType,fixation_3.started,fixation_3.stopped,letter_0back.started,letter_0back.stopped,key_resp_5.keys,key_resp_5.corr,key_resp_5.rt,key_resp_5.started,key_resp_5.stopped,pracRep0,text_4.started,text_4.stopped,key_resp_7.keys,key_resp_7.rt,key_resp_7.started,key_resp_7.stopped,instructionsTxt.started,instructionsTxt.stopped,fixation.started,fixation.stopped,letter.started,letter.stopped,key_resp_2.keys,key_resp_2.corr,key_resp_2.rt,key_resp_2.started,key_resp_2.stopped,text_5.started,text_5.stopped,key_resp_8.keys,key_resp_8.rt,key_resp_8.started,key_resp_8.stopped,text.started,text.stopped,pracRepN1,pracRepN2,participant,counterbalance,session (Prac, Pre, Post),stim site,date,expName,psychopyVersion,frameRate,
,,,,,,,,,,,,,,,,,,,,,space,4.47675851699978,1861.171506029,None,,,,,,,,,,,,,,,,,,,,,,,,,,,,,,,,,,,,,,,,,,,,,,,,,,,,,,,,,,,,,,,,,,,,,,,P_WSB,3,Prac,DAN,2021_Jul_28_0918,nBack_prac,2021.1.4,60.37039798869092,
,,,,,,,,,,,,,,,,,,,,,,,,,1861.171506029,None,1865.681167806,None,space,2.9057837469999868,1865.681167806,None,,,,,,,,,,,,,,,,,,,,,,,,,,,,,,,,,,,,,,,,,,,,,,,,,,,,,,,,,,,,,,,P_WSB,3,Prac,DAN,2021_Jul_28_0918,nBack_prac,2021.1.4,60.37039798869092,
,,,,,,,,,,,,,,,,,,,,,,,,,,,,,,,,,space,2.0272029540001313,1868.612610546,None,,,,,,,,,,,,,,,,,,,,,,,,,,,,,,,,,,,,,,,,,,,,,,,,,,,,,,,,,,,P_WSB,3,Prac,DAN,2021_Jul_28_0918,nBack_prac,2021.1.4,60.37039798869092,
,,,,,,,,,,,,,,,,,,,,,,,,,,,,,,,,,,,,,1868.612610546,None,1870.663921485,None,space,2.4188038050001524,1870.663921485,None,,,,,,,,,,,,,,,,,,,,,,,,,,,,,,,,,,,,,,,,,,,,,,,,,,,P_WSB,3,Prac,DAN,2021_Jul_28_0918,nBack_prac,2021.1.4,60.37039798869092,
,,,,,,,,,,,,,,,,,,,,,,,,,,,,,,,,,,,,,,,,,,,,,1873.1133033160002,None,space,1.5261986119999165,1873.1133033160002,None,,,,,,,,,,,,,,,,,,,,,,,,,,,,,,,,,,,,,,,,,,,,,P_WSB,3,Prac,DAN,2021_Jul_28_0918,nBack_prac,2021.1.4,60.37039798869092,
,0,0,0,0,0,0,0,0,,,,,,,,,,,,,,,,,,,,,,,,,,,,,,,,,,,,,,,,,,,1874.6651239630003,None,1875.512124748,None,0,P,0,1877.9967201279999,1879.9976823670002,1877.529920191,1878.030077355,left,1,0.6664758270003404,1877.529920191,None,,,,,,,,,,,,,,,,,,,,,,,,,,,,,P_WSB,3,Prac,DAN,2021_Jul_28_0918,nBack_prac,2021.1.4,60.37039798869092,
,0,0,0,0,1,0,1,0,,,,,,,,,,,,,,,,,,,,,,,,,,,,,,,,,,,,,,,,,,,,,,,1,D,0,1880.498257305,1882.49919083,1880.0310654350003,1880.5315713450002,left,1,0.42509315200004494,1880.0310654350003,None,,,,,,,,,,,,,,,,,,,,,,,,,,,,,P_WSB,3,Prac,DAN,2021_Jul_28_0918,nBack_prac,2021.1.4,60.37039798869092,
,0,0,0,0,2,0,2,0,,,,,,,,,,,,,,,,,,,,,,,,,,,,,,,,,,,,,,,,,,,,,,,2,X,1,1882.999564427,1885.0005120950002,1882.520032863,1883.032789473,right,1,0.4530100419997325,1882.520032863,None,,,,,,,,,,,,,,,,,,,,,,,,,,,,,P_WSB,3,Prac,DAN,2021_Jul_28_0918,nBack_prac,2021.1.4,60.37039798869092,
,0,0,0,0,3,0,3,0,,,,,,,,,,,,,,,,,,,,,,,,,,,,,,,,,,,,,,,,,,,,,,,3,C,0,1885.5009845350003,1887.5015675800003,1885.033898037,1885.533286234,left,1,0.3569885349998003,1885.033898037,None,,,,,,,,,,,,,,,,,,,,,,,,,,,,,P_WSB,3,Prac,DAN,2021_Jul_28_0918,nBack_prac,2021.1.4,60.37039798869092,
,0,0,0,0,4,0,4,0,,,,,,,,,,,,,,,,,,,,,,,,,,,,,,,,,,,,,,,,,,,,,,,4,X,1,1888.0018965820002,1890.002767184,1887.520860682,1888.035193302,right,1,0.4348051060001126,1887.520860682,None,,,,,,,,,,,,,,,,,,,,,,,,,,,,,P_WSB,3,Prac,DAN,2021_Jul_28_0918,nBack_prac,2021.1.4,60.37039798869092,
,0,0,0,0,5,0,5,0,,,,,,,,,,,,,,,,,,,,,,,,,,,,,,,,,,,,,,,,,,,,,,,5,B,0,1890.503384029,1892.5042071740002,1890.03628382,1890.5365321820002,left,1,0.4644677339997543,1890.03628382,None,,,,,,,,,,,,,,,,,,,,,,,,,,,,,P_WSB,3,Prac,DAN,2021_Jul_28_0918,nBack_prac,2021.1.4,60.37039798869092,
,0,0,0,0,6,0,6,0,,,,,,,,,,,,,,,,,,,,,,,,,,,,,,,,,,,,,,,,,,,,,,,6,X,1,1893.0042950240002,1895.0050476940003,1892.52214681,1893.037501049,right,1,0.44837786600010077,1892.52214681,None,,,,,,,,,,,,,,,,,,,,,,,,,,,,,P_WSB,3,Prac,DAN,2021_Jul_28_0918,nBack_prac,2021.1.4,60.37039798869092,
,0,0,0,0,7,0,7,0,,,,,,,,,,,,,,,,,,,,,,,,,,,,,,,,,,,,,,,,,,,,,,,7,C,0,1895.5057785340002,1897.506809829,1895.025004589,1895.5387745740002,left,1,0.345344673999989,1895.025004589,None,,,,,,,,,,,,,,,,,,,,,,,,,,,,,P_WSB,3,Prac,DAN,2021_Jul_28_0918,nBack_prac,2021.1.4,60.37039798869092,
,0,0,0,0,8,0,8,0,,,,,,,,,,,,,,,,,,,,,,,,,,,,,,,,,,,,,,,,,,,,,,,8,B,0,1898.006525079,1900.007557361,1897.525746426,1898.0400133660003,left,1,0.3973819039997579,1897.525746426,None,,,,,,,,,,,,,,,,,,,,,,,,,,,,,P_WSB,3,Prac,DAN,2021_Jul_28_0918,nBack_prac,2021.1.4,60.37039798869092,
,0,0,0,0,9,0,9,0,,,,,,,,,,,,,,,,,,,,,,,,,,,,,,,,,,,,,,,,,,,,,,,9,N,0,1900.508018141,1902.5090329729999,1900.027126573,1900.5410730209999,left,1,0.4119675429997187,1900.027126573,None,,,,,,,,,,,,,,,,,,,,,,,,,,,,,P_WSB,3,Prac,DAN,2021_Jul_28_0918,nBack_prac,2021.1.4,60.37039798869092,
,0,0,0,0,10,0,10,0,,,,,,,,,,,,,,,,,,,,,,,,,,,,,,,,,,,,,,,,,,,,,,,10,X,1,1903.009017049,1905.010076241,1902.528004423,1903.042271311,right,1,0.4427498820000437,1902.528004423,None,,,,,,,,,,,,,,,,,,,,,,,,,,,,,P_WSB,3,Prac,DAN,2021_Jul_28_0918,nBack_prac,2021.1.4,60.37039798869092,
,0,0,0,0,11,0,11,0,,,,,,,,,,,,,,,,,,,,,,,,,,,,,,,,,,,,,,,,,,,,,,,11,L,0,1905.5102196330001,1907.51108895,1905.0296613410003,1905.5435544980003,left,1,0.3647607779998907,1905.0296613410003,None,,,,,,,,,,,,,,,,,,,,,,,,,,,,,P_WSB,3,Prac,DAN,2021_Jul_28_0918,nBack_prac,2021.1.4,60.37039798869092,
,0,0,0,0,12,0,12,0,,,,,,,,,,,,,,,,,,,,,,,,,,,,,,,,,,,,,,,,,,,,,,,12,P,0,1908.011413933,1910.012301122,1907.5314379550002,1908.044686288,left,1,0.39310160700006236,1907.5314379550002,None,,,,,,,,,,,,,,,,,,,,,,,,,,,,,P_WSB,3,Prac,DAN,2021_Jul_28_0918,nBack_prac,2021.1.4,60.37039798869092,
,0,0,0,0,13,0,13,0,,,,,,,,,,,,,,,,,,,,,,,,,,,,,,,,,,,,,,,,,,,,,,,13,L,0,1910.5124450720002,1912.513547978,1910.031433945,1910.5458496580002,left,1,0.2798877579998589,1910.031433945,None,,,,,,,,,,,,,,,,,,,,,,,,,,,,,P_WSB,3,Prac,DAN,2021_Jul_28_0918,nBack_prac,2021.1.4,60.37039798869092,
,0,0,0,0,14,0,14,0,,,,,,,,,,,,,,,,,,,,,,,,,,,,,,,,,,,,,,,,,,,,,,,14,D,0,1913.013532968,None,1912.5326948519998,1913.0466512340001,left,1,0.3413738460003515,1912.5326948519998,None,,,,,,,,,,,,,,,,,,,,,,,,,,,,,P_WSB,3,Prac,DAN,2021_Jul_28_0918,nBack_prac,2021.1.4,60.37039798869092,
,0,0,0,0,15,0,15,0,,,,,,,,,,,,,,,,,,,,,,,,,,,,,,,,,,,,,,,,,,,,,,,15,X,1,1915.4981781120002,1917.499177844,1915.016898177,1915.5315477000001,right,1,0.4311225970000123,1915.016898177,None,,,,,,,,,,,,,,,,,,,,,,,,,,,,,P_WSB,3,Prac,DAN,2021_Jul_28_0918,nBack_prac,2021.1.4,60.37039798869092,
,0,0,0,0,16,0,16,0,,,,,,,,,,,,,,,,,,,,,,,,,,,,,,,,,,,,,,,,,,,,,,,16,N,0,1917.9989571040003,1920.000334654,1917.5182458380002,1918.0324875439999,left,1,0.33764694299998155,1917.5182458380002,None,,,,,,,,,,,,,,,,,,,,,,,,,,,,,P_WSB,3,Prac,DAN,2021_Jul_28_0918,nBack_prac,2021.1.4,60.37039798869092,
,0,0,0,0,17,0,17,0,,,,,,,,,,,,,,,,,,,,,,,,,,,,,,,,,,,,,,,,,,,,,,,17,X,1,1920.500399754,1922.501813617,1920.0337518210001,1920.5339641090002,right,1,0.41306284800020876,1920.0337518210001,None,,,,,,,,,,,,,,,,,,,,,,,,,,,,,P_WSB,3,Prac,DAN,2021_Jul_28_0918,nBack_prac,2021.1.4,60.37039798869092,
,0,0,0,0,,,,,,,,,,,,,,,,,,,,,,,,,,,,,,,,,,,,,,,,,,,,,,,,,,,,,,,,,,,,,,,1,1922.5348792410002,None,space,2.6623868980000225,1922.5348792410002,None,,,,,,,,,,,,,,,,,,,,,,P_WSB,3,Prac,DAN,2021_Jul_28_0918,nBack_prac,2021.1.4,60.37039798869092,
1,,,,,,,,,0,0,0,0,0,0,0,0,0,0,0,0,,,,,,,,,,,,,,,,,,,,,,,,,,,,,,,,,1929.5540270530003,None,0,F,0,,,,,,,,,,,,,,,,,1925.269864393,None,1932.0393291060002,1934.0401698000003,1931.572312258,1932.0727005830001,left,1,0.4257171070003096,1931.572312258,None,,,,,,,,,,,P_WSB,3,Prac,DAN,2021_Jul_28_0918,nBack_prac,2021.1.4,60.37039798869092,
1,,,,,,,,,0,0,0,0,0,0,0,0,1,0,1,0,,,,,,,,,,,,,,,,,,,,,,,,,,,,,,,,,,,1,P,0,,,,,,,,,,,,,,,,,,,1934.540127212,1936.5412828280002,1934.0736530400002,1934.5737102700002,left,1,0.43246482099993955,1934.0736530400002,None,,,,,,,,,,,P_WSB,3,Prac,DAN,2021_Jul_28_0918,nBack_prac,2021.1.4,60.37039798869092,
1,,,,,,,,,0,0,0,0,0,0,0,0,2,0,2,0,,,,,,,,,,,,,,,,,,,,,,,,,,,,,,,,,,,2,P,1,,,,,,,,,,,,,,,,,,,1937.041567762,1939.0425201200003,1936.561785388,1937.0749705220003,right,1,0.4361050500001511,1936.561785388,None,,,,,,,,,,,P_WSB,3,Prac,DAN,2021_Jul_28_0918,nBack_prac,2021.1.4,60.37039798869092,
1,,,,,,,,,0,0,0,0,0,0,0,0,3,0,3,0,,,,,,,,,,,,,,,,,,,,,,,,,,,,,,,,,,,3,B,0,,,,,,,,,,,,,,,,,,,1939.5595461169999,None,1939.0760010720003,1939.5761063520001,left,1,0.3786725079999087,1939.0760010720003,None,,,,,,,,,,,P_WSB,3,Prac,DAN,2021_Jul_28_0918,nBack_prac,2021.1.4,60.37039798869092,
1,,,,,,,,,0,0,0,0,0,0,0,0,4,0,4,0,,,,,,,,,,,,,,,,,,,,,,,,,,,,,,,,,,,4,D,0,,,,,,,,,,,,,,,,,,,1942.044053929,1944.044964519,1941.577157637,1942.077417625,left,1,0.45322415999999066,1941.577157637,None,,,,,,,,,,,P_WSB,3,Prac,DAN,2021_Jul_28_0918,nBack_prac,2021.1.4,60.37039798869092,
1,,,,,,,,,0,0,0,0,0,0,0,0,5,0,5,0,,,,,,,,,,,,,,,,,,,,,,,,,,,,,,,,,,,5,D,1,,,,,,,,,,,,,,,,,,,1944.5451717970002,1946.546159275,1944.0622923020003,1944.5617766070002,right,1,0.6009243920002518,1944.0622923020003,None,,,,,,,,,,,P_WSB,3,Prac,DAN,2021_Jul_28_0918,nBack_prac,2021.1.4,60.37039798869092,
1,,,,,,,,,0,0,0,0,0,0,0,0,6,0,6,0,,,,,,,,,,,,,,,,,,,,,,,,,,,,,,,,,,,6,C,0,,,,,,,,,,,,,,,,,,,1947.0460275870003,1949.0472739489999,1946.5796945550003,1947.079986264,left,1,0.6614896570004021,1946.5796945550003,None,,,,,,,,,,,P_WSB,3,Prac,DAN,2021_Jul_28_0918,nBack_prac,2021.1.4,60.37039798869092,
1,,,,,,,,,0,0,0,0,0,0,0,0,7,0,7,0,,,,,,,,,,,,,,,,,,,,,,,,,,,,,,,,,,,7,C,1,,,,,,,,,,,,,,,,,,,1949.5473662840002,1951.548582444,1949.0808858560001,1949.581231203,right,1,0.44626370800006043,1949.0808858560001,None,,,,,,,,,,,P_WSB,3,Prac,DAN,2021_Jul_28_0918,nBack_prac,2021.1.4,60.37039798869092,
1,,,,,,,,,0,0,0,0,0,0,0,0,8,0,8,0,,,,,,,,,,,,,,,,,,,,,,,,,,,,,,,,,,,8,L,0,,,,,,,,,,,,,,,,,,,1952.0485586510001,1954.0496948880002,1951.5819019060002,1952.0819117540002,left,1,0.4848588599998038,1951.5819019060002,None,,,,,,,,,,,P_WSB,3,Prac,DAN,2021_Jul_28_0918,nBack_prac,2021.1.4,60.37039798869092,
1,,,,,,,,,0,0,0,0,0,0,0,0,9,0,9,0,,,,,,,,,,,,,,,,,,,,,,,,,,,,,,,,,,,9,L,1,,,,,,,,,,,,,,,,,,,1954.549936784,1956.5509667100002,1954.0700425840002,1954.5832132480002,right,1,0.5187612830000035,1954.0700425840002,None,,,,,,,,,,,P_WSB,3,Prac,DAN,2021_Jul_28_0918,nBack_prac,2021.1.4,60.37039798869092,
1,,,,,,,,,0,0,0,0,0,0,0,0,10,0,10,0,,,,,,,,,,,,,,,,,,,,,,,,,,,,,,,,,,,10,C,0,,,,,,,,,,,,,,,,,,,1957.0510534400003,1959.0520481280003,1956.5699998339999,1957.0845199540001,left,1,0.5314405919998535,1956.5699998339999,None,,,,,,,,,,,P_WSB,3,Prac,DAN,2021_Jul_28_0918,nBack_prac,2021.1.4,60.37039798869092,
1,,,,,,,,,0,0,0,0,0,0,0,0,11,0,11,0,,,,,,,,,,,,,,,,,,,,,,,,,,,,,,,,,,,11,C,1,,,,,,,,,,,,,,,,,,,1959.5522282499999,1961.55322358,1959.070905543,1959.585611398,right,1,0.711750789999769,1959.070905543,None,,,,,,,,,,,P_WSB,3,Prac,DAN,2021_Jul_28_0918,nBack_prac,2021.1.4,60.37039798869092,
1,,,,,,,,,0,0,0,0,0,0,0,0,12,0,12,0,,,,,,,,,,,,,,,,,,,,,,,,,,,,,,,,,,,12,B,0,,,,,,,,,,,,,,,,,,,1962.053419783,1964.054415883,1961.57330419,1962.0868179350002,left,1,0.4101104280002801,1961.57330419,None,,,,,,,,,,,P_WSB,3,Prac,DAN,2021_Jul_28_0918,nBack_prac,2021.1.4,60.37039798869092,
1,,,,,,,,,0,0,0,0,0,0,0,0,13,0,13,0,,,,,,,,,,,,,,,,,,,,,,,,,,,,,,,,,,,13,T,0,,,,,,,,,,,,,,,,,,,1964.554710217,None,1964.0877746630001,1964.588087419,left,1,0.43059758599974884,1964.0877746630001,None,,,,,,,,,,,P_WSB,3,Prac,DAN,2021_Jul_28_0918,nBack_prac,2021.1.4,60.37039798869092,
1,,,,,,,,,0,0,0,0,0,0,0,0,14,0,14,0,,,,,,,,,,,,,,,,,,,,,,,,,,,,,,,,,,,14,L,0,,,,,,,,,,,,,,,,,,,1967.038839695,1969.040050792,1966.5720518350001,1967.072154797,left,1,0.6240038679998179,1966.5720518350001,None,,,,,,,,,,,P_WSB,3,Prac,DAN,2021_Jul_28_0918,nBack_prac,2021.1.4,60.37039798869092,
1,,,,,,,,,0,0,0,0,0,0,0,0,15,0,15,0,,,,,,,,,,,,,,,,,,,,,,,,,,,,,,,,,,,15,F,0,,,,,,,,,,,,,,,,,,,1969.540285379,1971.541281572,1969.0595530920002,1969.573640035,left,1,0.6533011149999766,1969.0595530920002,None,,,,,,,,,,,P_WSB,3,Prac,DAN,2021_Jul_28_0918,nBack_prac,2021.1.4,60.37039798869092,
1,,,,,,,,,0,0,0,0,0,0,0,0,16,0,16,0,,,,,,,,,,,,,,,,,,,,,,,,,,,,,,,,,,,16,C,0,,,,,,,,,,,,,,,,,,,1972.0415965969999,1974.0424653840003,1971.560579827,1972.0749280790003,left,1,0.585137856000074,1971.560579827,None,,,,,,,,,,,P_WSB,3,Prac,DAN,2021_Jul_28_0918,nBack_prac,2021.1.4,60.37039798869092,
1,,,,,,,,,0,0,0,0,0,0,0,0,17,0,17,0,,,,,,,,,,,,,,,,,,,,,,,,,,,,,,,,,,,17,C,1,,,,,,,,,,,,,,,,,,,1974.5424838659999,1976.543636622,1974.0598347040002,1974.559638243,right,1,0.49671341399971425,1974.0598347040002,None,,,,,,,,,,,P_WSB,3,Prac,DAN,2021_Jul_28_0918,nBack_prac,2021.1.4,60.37039798869092,
1,,,,,,,,,0,0,0,0,0,0,0,0,,,,,,,,,,,,,,,,,,,,,,,,,,,,,,,,,,,,,,,,,,,,,,,,,,,,,,,,,,,,,,,,,,,,,1976.5769998880003,None,space,1.8832723259997692,1976.5769998880003,None,,,,,P_WSB,3,Prac,DAN,2021_Jul_28_0918,nBack_prac,2021.1.4,60.37039798869092,
1,,,,,,,,,0,0,0,0,,,,,,,,,,,,,,,,,,,,,,,,,,,,,,,,,,,,,,,,,,,,,,,,,,,,,,,,,,,,,,,,,,,,,,,,,,,,,,,,,,,P_WSB,3,Prac,DAN,2021_Jul_28_0918,nBack_prac,2021.1.4,60.37039798869092,
2,,,,,,,,,0,1,1,1,0,0,0,0,0,0,0,0,,,,,,,,,,,,,,,,,,,,,,,,,,,,,,,,,1980.377649374,None,0,G,0,,,,,,,,,,,,,,,,,1978.511782112,None,1982.863120496,1984.863762969,1982.3823491730002,1982.896430081,left,1,0.7075565569998616,1982.3823491730002,None,,,,,,,,,,,P_WSB,3,Prac,DAN,2021_Jul_28_0918,nBack_prac,2021.1.4,60.37039798869092,
2,,,,,,,,,0,1,1,1,0,0,0,0,1,0,1,0,,,,,,,,,,,,,,,,,,,,,,,,,,,,,,,,,,,1,C,1,,,,,,,,,,,,,,,,,,,1985.364331548,1987.3651936530002,1984.881796121,1985.3809786580002,left,0,0.566102084999784,1984.881796121,None,,,,,,,,,,,P_WSB,3,Prac,DAN,2021_Jul_28_0918,nBack_prac,2021.1.4,60.37039798869092,
2,,,,,,,,,0,1,1,1,0,0,0,0,2,0,2,0,,,,,,,,,,,,,,,,,,,,,,,,,,,,,,,,,,,2,B,0,,,,,,,,,,,,,,,,,,,1987.865464457,1989.8665415570001,1987.384075713,1987.898793353,left,1,0.5174935840000217,1987.384075713,None,,,,,,,,,,,P_WSB,3,Prac,DAN,2021_Jul_28_0918,nBack_prac,2021.1.4,60.37039798869092,
2,,,,,,,,,0,1,1,1,0,0,0,0,3,0,3,0,,,,,,,,,,,,,,,,,,,,,,,,,,,,,,,,,,,3,C,1,,,,,,,,,,,,,,,,,,,1990.3665863100002,1992.367594862,1989.8853284950003,1990.399999213,right,1,0.43826348099992174,1989.8853284950003,None,,,,,,,,,,,P_WSB,3,Prac,DAN,2021_Jul_28_0918,nBack_prac,2021.1.4,60.37039798869092,
2,,,,,,,,,0,1,1,1,0,0,0,0,4,0,4,0,,,,,,,,,,,,,,,,,,,,,,,,,,,,,,,,,,,4,F,0,,,,,,,,,,,,,,,,,,,1992.8678042920003,1994.868720657,1992.3876978670003,1992.9011400370002,left,1,0.5438576269998521,1992.3876978670003,None,,,,,,,,,,,P_WSB,3,Prac,DAN,2021_Jul_28_0918,nBack_prac,2021.1.4,60.37039798869092,
2,,,,,,,,,0,1,1,1,0,0,0,0,5,0,5,0,,,,,,,,,,,,,,,,,,,,,,,,,,,,,,,,,,,5,P,0,,,,,,,,,,,,,,,,,,,1995.368714509,1997.3700456220001,1994.8876802070001,1995.4023838169999,left,1,0.673517460000312,1994.8876802070001,None,,,,,,,,,,,P_WSB,3,Prac,DAN,2021_Jul_28_0918,nBack_prac,2021.1.4,60.37039798869092,
2,,,,,,,,,0,1,1,1,0,0,0,0,6,0,6,0,,,,,,,,,,,,,,,,,,,,,,,,,,,,,,,,,,,6,C,0,,,,,,,,,,,,,,,,,,,1997.870318464,1999.871367562,1997.3892787759999,1997.9036305020002,left,1,0.7868062379998264,1997.3892787759999,None,,,,,,,,,,,P_WSB,3,Prac,DAN,2021_Jul_28_0918,nBack_prac,2021.1.4,60.37039798869092,
2,,,,,,,,,0,1,1,1,0,0,0,0,7,0,7,0,,,,,,,,,,,,,,,,,,,,,,,,,,,,,,,,,,,7,P,1,,,,,,,,,,,,,,,,,,,2000.3711360290001,2002.3724946990003,1999.8896257439999,2000.4047053289999,right,1,0.531358833000013,1999.8896257439999,None,,,,,,,,,,,P_WSB,3,Prac,DAN,2021_Jul_28_0918,nBack_prac,2021.1.4,60.37039798869092,
2,,,,,,,,,0,1,1,1,0,0,0,0,8,0,8,0,,,,,,,,,,,,,,,,,,,,,,,,,,,,,,,,,,,8,G,0,,,,,,,,,,,,,,,,,,,2002.87223947,2004.8735597490002,2002.390788112,2002.905958561,left,1,0.6828645499999766,2002.390788112,None,,,,,,,,,,,P_WSB,3,Prac,DAN,2021_Jul_28_0918,nBack_prac,2021.1.4,60.37039798869092,
2,,,,,,,,,0,1,1,1,0,0,0,0,9,0,9,0,,,,,,,,,,,,,,,,,,,,,,,,,,,,,,,,,,,9,D,0,,,,,,,,,,,,,,,,,,,2005.3737609759999,2007.3746761190002,2004.8924395699999,2005.407095753,left,1,0.7212457669998003,2004.8924395699999,None,,,,,,,,,,,P_WSB,3,Prac,DAN,2021_Jul_28_0918,nBack_prac,2021.1.4,60.37039798869092,
2,,,,,,,,,0,1,1,1,0,0,0,0,10,0,10,0,,,,,,,,,,,,,,,,,,,,,,,,,,,,,,,,,,,10,G,1,,,,,,,,,,,,,,,,,,,2007.8750006050002,2009.875913345,2007.393437851,2007.908347631,right,1,0.6481315940000059,2007.393437851,None,,,,,,,,,,,P_WSB,3,Prac,DAN,2021_Jul_28_0918,nBack_prac,2021.1.4,60.37039798869092,
2,,,,,,,,,0,1,1,1,0,0,0,0,11,0,11,0,,,,,,,,,,,,,,,,,,,,,,,,,,,,,,,,,,,11,C,0,,,,,,,,,,,,,,,,,,,2010.3762078890002,2012.377081325,2009.894514159,2010.409587245,left,1,0.6608242580000478,2009.894514159,None,,,,,,,,,,,P_WSB,3,Prac,DAN,2021_Jul_28_0918,nBack_prac,2021.1.4,60.37039798869092,
2,,,,,,,,,0,1,1,1,0,0,0,0,12,0,12,0,,,,,,,,,,,,,,,,,,,,,,,,,,,,,,,,,,,12,F,0,,,,,,,,,,,,,,,,,,,2012.877391458,2014.878312958,2012.3958228530003,2012.910442318,left,1,0.879448384999705,2012.3958228530003,None,,,,,,,,,,,P_WSB,3,Prac,DAN,2021_Jul_28_0918,nBack_prac,2021.1.4,60.37039798869092,
2,,,,,,,,,0,1,1,1,0,0,0,0,13,0,13,0,,,,,,,,,,,,,,,,,,,,,,,,,,,,,,,,,,,13,C,1,,,,,,,,,,,,,,,,,,,2015.3784666500003,2017.3795001300002,2014.8969338499999,2015.4119284750002,right,1,0.7430914750002557,2014.8969338499999,None,,,,,,,,,,,P_WSB,3,Prac,DAN,2021_Jul_28_0918,nBack_prac,2021.1.4,60.37039798869092,
2,,,,,,,,,0,1,1,1,0,0,0,0,14,0,14,0,,,,,,,,,,,,,,,,,,,,,,,,,,,,,,,,,,,14,B,0,,,,,,,,,,,,,,,,,,,2017.87965624,None,2017.39843465,2017.913013702,left,1,1.342262459000267,2017.39843465,None,,,,,,,,,,,P_WSB,3,Prac,DAN,2021_Jul_28_0918,nBack_prac,2021.1.4,60.37039798869092,
2,,,,,,,,,0,1,1,1,0,0,0,0,15,0,15,0,,,,,,,,,,,,,,,,,,,,,,,,,,,,,,,,,,,15,C,1,,,,,,,,,,,,,,,,,,,2020.3642549540002,2022.3652914740003,2019.8829100740002,2020.397656938,right,1,0.8778926979998687,2019.8829100740002,None,,,,,,,,,,,P_WSB,3,Prac,DAN,2021_Jul_28_0918,nBack_prac,2021.1.4,60.37039798869092,
2,,,,,,,,,0,1,1,1,0,0,0,0,16,0,16,0,,,,,,,,,,,,,,,,,,,,,,,,,,,,,,,,,,,0,F,0,,,,,,,,,,,,,,,,,,,2022.8653825869999,2024.866274369,2022.3836134370001,2022.898693207,left,1,0.7568425300000854,2022.3836134370001,None,,,,,,,,,,,P_WSB,3,Prac,DAN,2021_Jul_28_0918,nBack_prac,2021.1.4,60.37039798869092,
2,,,,,,,,,0,1,1,1,0,0,0,0,17,0,17,0,,,,,,,,,,,,,,,,,,,,,,,,,,,,,,,,,,,1,C,1,,,,,,,,,,,,,,,,,,,2025.366597257,2027.3676543469999,2024.885410449,2025.399917422,right,1,0.7220614150000983,2024.885410449,None,,,,,,,,,,,P_WSB,3,Prac,DAN,2021_Jul_28_0918,nBack_prac,2021.1.4,60.37039798869092,
2,,,,,,,,,0,1,1,1,0,0,0,0,,,,,,,,,,,,,,,,,,,,,,,,,,,,,,,,,,,,,,,,,,,,,,,,,,,,,,,,,,,,,,,,,,,,,2027.401151634,None,space,2.8485129159998905,2027.401151634,None,,,,,P_WSB,3,Prac,DAN,2021_Jul_28_0918,nBack_prac,2021.1.4,60.37039798869092,
2,,,,,,,,,0,1,1,1,,,,,,,,,,,,,,,,,,,,,,,,,,,,,,,,,,,,,,,,,,,,,,,,,,,,,,,,,,,,,,,,,,,,,,,,,,,,,,,,,,,P_WSB,3,Prac,DAN,2021_Jul_28_0918,nBack_prac,2021.1.4,60.37039798869092,
,,,,,,,,,,,,,,,,,,,,,,,,,,,,,,,,,,,,,,,,,,,,,,,,,,,,,,,,,,,,,,,,,,,1,,,,,,,,,,,,,,,,,,,,,,,,2030.270650651,None,1,1,,,,,,,,,
