﻿N_prac,trials_3.thisRepN,trials_3.thisTrialN,trials_3.thisN,trials_3.thisIndex,trials.thisRepN,trials.thisTrialN,trials.thisN,trials.thisIndex,trials_2.thisRepN,trials_2.thisTrialN,trials_2.thisN,trials_2.thisIndex,trials_4.thisRepN,trials_4.thisTrialN,trials_4.thisN,trials_4.thisIndex,trials_8.thisRepN,trials_8.thisTrialN,trials_8.thisN,trials_8.thisIndex,key_resp_9.keys,key_resp_9.rt,key_resp_9.started,key_resp_9.stopped,text_6.started,text_6.stopped,image.started,image.stopped,key_resp_10.keys,key_resp_10.rt,key_resp_10.started,key_resp_10.stopped,key_resp_11.keys,key_resp_11.rt,key_resp_11.started,key_resp_11.stopped,image_2.started,image_2.stopped,image_3.started,image_3.stopped,key_resp_12.keys,key_resp_12.rt,key_resp_12.started,key_resp_12.stopped,text_8.started,text_8.stopped,key_resp_14.keys,key_resp_14.rt,key_resp_14.started,key_resp_14.stopped,text_2.started,text_2.stopped,fixation_start.started,fixation_start.stopped,trialCount,itemPresented,trialType,fixation_3.started,fixation_3.stopped,letter_0back.started,letter_0back.stopped,key_resp_5.keys,key_resp_5.corr,key_resp_5.rt,key_resp_5.started,key_resp_5.stopped,pracRep0,text_4.started,text_4.stopped,key_resp_7.keys,key_resp_7.rt,key_resp_7.started,key_resp_7.stopped,instructionsTxt.started,instructionsTxt.stopped,fixation.started,fixation.stopped,letter.started,letter.stopped,key_resp_2.keys,key_resp_2.corr,key_resp_2.rt,key_resp_2.started,key_resp_2.stopped,text_5.started,text_5.stopped,key_resp_8.keys,key_resp_8.rt,key_resp_8.started,key_resp_8.stopped,text.started,text.stopped,pracRepN1,pracRepN2,participant,counterbalance,session (Prac, Pre, Post),stim site,date,expName,psychopyVersion,frameRate,
,,,,,,,,,,,,,,,,,,,,,space,4.808034079000208,1674.59075435,None,,,,,,,,,,,,,,,,,,,,,,,,,,,,,,,,,,,,,,,,,,,,,,,,,,,,,,,,,,,,,,,,,,,,,,,P_WSB,1,Prac,Vertex,2021_Aug_04_0915,nBack_prac,2021.1.4,59.998416281908966,
,,,,,,,,,,,,,,,,,,,,,,,,,1674.59075435,None,1679.428401112,None,space,1.0276034839998829,1679.428401112,None,,,,,,,,,,,,,,,,,,,,,,,,,,,,,,,,,,,,,,,,,,,,,,,,,,,,,,,,,,,,,,,P_WSB,1,Prac,Vertex,2021_Aug_04_0915,nBack_prac,2021.1.4,59.998416281908966,
,,,,,,,,,,,,,,,,,,,,,,,,,,,,,,,,,space,0.6765435900001648,1680.4924759019998,None,,,,,,,,,,,,,,,,,,,,,,,,,,,,,,,,,,,,,,,,,,,,,,,,,,,,,,,,,,,P_WSB,1,Prac,Vertex,2021_Aug_04_0915,nBack_prac,2021.1.4,59.998416281908966,
,,,,,,,,,,,,,,,,,,,,,,,,,,,,,,,,,,,,,1680.4924759019998,None,1681.192070366,None,space,0.3559619319999001,1681.192070366,None,,,,,,,,,,,,,,,,,,,,,,,,,,,,,,,,,,,,,,,,,,,,,,,,,,,P_WSB,1,Prac,Vertex,2021_Aug_04_0915,nBack_prac,2021.1.4,59.998416281908966,
,,,,,,,,,,,,,,,,,,,,,,,,,,,,,,,,,,,,,,,,,,,,,1681.572361322,None,space,1.6647183029999724,1681.572361322,None,,,,,,,,,,,,,,,,,,,,,,,,,,,,,,,,,,,,,,,,,,,,,P_WSB,1,Prac,Vertex,2021_Aug_04_0915,nBack_prac,2021.1.4,59.998416281908966,
,0,0,0,0,0,0,0,0,,,,,,,,,,,,,,,,,,,,,,,,,,,,,,,,,,,,,,,,,,,1683.258283504,None,1684.923696734,None,0,P,0,1687.4093648730002,1689.410063773,1686.9417555910002,1687.4428909760002,left,1,0.8059025699999438,1686.9417555910002,None,,,,,,,,,,,,,,,,,,,,,,,,,,,,,P_WSB,1,Prac,Vertex,2021_Aug_04_0915,nBack_prac,2021.1.4,59.998416281908966,
,0,0,0,0,1,0,1,0,,,,,,,,,,,,,,,,,,,,,,,,,,,,,,,,,,,,,,,,,,,,,,,1,C,0,1689.910100971,1691.9110557309998,1689.4433533160002,1689.9434088250002,left,1,0.5133745049997742,1689.4433533160002,None,,,,,,,,,,,,,,,,,,,,,,,,,,,,,P_WSB,1,Prac,Vertex,2021_Aug_04_0915,nBack_prac,2021.1.4,59.998416281908966,
,0,0,0,0,2,0,2,0,,,,,,,,,,,,,,,,,,,,,,,,,,,,,,,,,,,,,,,,,,,,,,,2,X,1,1692.411253993,1694.4122327080001,1691.931005961,1692.444572011,right,1,0.45848123800033136,1691.931005961,None,,,,,,,,,,,,,,,,,,,,,,,,,,,,,P_WSB,1,Prac,Vertex,2021_Aug_04_0915,nBack_prac,2021.1.4,59.998416281908966,
,0,0,0,0,3,0,3,0,,,,,,,,,,,,,,,,,,,,,,,,,,,,,,,,,,,,,,,,,,,,,,,3,F,0,1694.912649911,1696.9135363100002,1694.4323470450001,1694.9457474429998,left,1,0.3647864650001793,1694.4323470450001,None,,,,,,,,,,,,,,,,,,,,,,,,,,,,,P_WSB,1,Prac,Vertex,2021_Aug_04_0915,nBack_prac,2021.1.4,59.998416281908966,
,0,0,0,0,4,0,4,0,,,,,,,,,,,,,,,,,,,,,,,,,,,,,,,,,,,,,,,,,,,,,,,4,X,1,1697.4136102680002,1699.414610252,1696.931975918,1697.447053053,right,1,0.3510001600002397,1696.931975918,None,,,,,,,,,,,,,,,,,,,,,,,,,,,,,P_WSB,1,Prac,Vertex,2021_Aug_04_0915,nBack_prac,2021.1.4,59.998416281908966,
,0,0,0,0,5,0,5,0,,,,,,,,,,,,,,,,,,,,,,,,,,,,,,,,,,,,,,,,,,,,,,,5,P,0,1699.9146611419999,1701.91586815,1699.433170825,1699.948140542,left,1,0.35279136500003005,1699.433170825,None,,,,,,,,,,,,,,,,,,,,,,,,,,,,,P_WSB,1,Prac,Vertex,2021_Aug_04_0915,nBack_prac,2021.1.4,59.998416281908966,
,0,0,0,0,6,0,6,0,,,,,,,,,,,,,,,,,,,,,,,,,,,,,,,,,,,,,,,,,,,,,,,6,G,0,1702.4155569719999,1704.4171260340001,1701.93583719,1702.44934936,left,1,0.46993358899999293,1701.93583719,None,,,,,,,,,,,,,,,,,,,,,,,,,,,,,P_WSB,1,Prac,Vertex,2021_Aug_04_0915,nBack_prac,2021.1.4,59.998416281908966,
,0,0,0,0,7,0,7,0,,,,,,,,,,,,,,,,,,,,,,,,,,,,,,,,,,,,,,,,,,,,,,,7,X,1,1704.917268247,1706.9181662540002,1704.436793524,1704.9505103899999,right,1,0.3788737400000173,1704.436793524,None,,,,,,,,,,,,,,,,,,,,,,,,,,,,,P_WSB,1,Prac,Vertex,2021_Aug_04_0915,nBack_prac,2021.1.4,59.998416281908966,
,0,0,0,0,8,0,8,0,,,,,,,,,,,,,,,,,,,,,,,,,,,,,,,,,,,,,,,,,,,,,,,8,F,0,1707.4183898069998,1709.419465667,1706.9369211690002,1707.451754847,left,1,0.2875995250001324,1706.9369211690002,None,,,,,,,,,,,,,,,,,,,,,,,,,,,,,P_WSB,1,Prac,Vertex,2021_Aug_04_0915,nBack_prac,2021.1.4,59.998416281908966,
,0,0,0,0,9,0,9,0,,,,,,,,,,,,,,,,,,,,,,,,,,,,,,,,,,,,,,,,,,,,,,,9,X,1,1709.919782019,1711.9206853829999,1709.439039961,1709.953393053,right,1,0.4651529570001003,1709.439039961,None,,,,,,,,,,,,,,,,,,,,,,,,,,,,,P_WSB,1,Prac,Vertex,2021_Aug_04_0915,nBack_prac,2021.1.4,59.998416281908966,
,0,0,0,0,10,0,10,0,,,,,,,,,,,,,,,,,,,,,,,,,,,,,,,,,,,,,,,,,,,,,,,10,F,0,1712.4210662570001,1714.421694641,1711.938666069,1712.437317186,left,1,0.34464731800017034,1711.938666069,None,,,,,,,,,,,,,,,,,,,,,,,,,,,,,P_WSB,1,Prac,Vertex,2021_Aug_04_0915,nBack_prac,2021.1.4,59.998416281908966,
,0,0,0,0,11,0,11,0,,,,,,,,,,,,,,,,,,,,,,,,,,,,,,,,,,,,,,,,,,,,,,,11,N,0,1714.921968589,1716.922936749,1714.4418499229998,1714.9553463690002,left,1,0.37302092300024015,1714.4418499229998,None,,,,,,,,,,,,,,,,,,,,,,,,,,,,,P_WSB,1,Prac,Vertex,2021_Aug_04_0915,nBack_prac,2021.1.4,59.998416281908966,
,0,0,0,0,12,0,12,0,,,,,,,,,,,,,,,,,,,,,,,,,,,,,,,,,,,,,,,,,,,,,,,12,X,1,1717.4232481259999,1719.424149911,1716.941541131,1717.456595601,right,1,0.42738343199971496,1716.941541131,None,,,,,,,,,,,,,,,,,,,,,,,,,,,,,P_WSB,1,Prac,Vertex,2021_Aug_04_0915,nBack_prac,2021.1.4,59.998416281908966,
,0,0,0,0,13,0,13,0,,,,,,,,,,,,,,,,,,,,,,,,,,,,,,,,,,,,,,,,,,,,,,,13,C,0,1719.92436285,None,1719.4436562859999,1719.957628678,left,1,0.3700912240001344,1719.4436562859999,None,,,,,,,,,,,,,,,,,,,,,,,,,,,,,P_WSB,1,Prac,Vertex,2021_Aug_04_0915,nBack_prac,2021.1.4,59.998416281908966,
,0,0,0,0,14,0,14,0,,,,,,,,,,,,,,,,,,,,,,,,,,,,,,,,,,,,,,,,,,,,,,,14,P,0,1722.408947482,1724.4097752599998,1721.927034696,1722.44225115,left,1,0.3476507339996715,1721.927034696,None,,,,,,,,,,,,,,,,,,,,,,,,,,,,,P_WSB,1,Prac,Vertex,2021_Aug_04_0915,nBack_prac,2021.1.4,59.998416281908966,
,0,0,0,0,15,0,15,0,,,,,,,,,,,,,,,,,,,,,,,,,,,,,,,,,,,,,,,,,,,,,,,15,P,0,1724.910160218,1726.9110209819999,1724.4300583380002,1724.943485688,left,1,0.37036635799995565,1724.4300583380002,None,,,,,,,,,,,,,,,,,,,,,,,,,,,,,P_WSB,1,Prac,Vertex,2021_Aug_04_0915,nBack_prac,2021.1.4,59.998416281908966,
,0,0,0,0,16,0,16,0,,,,,,,,,,,,,,,,,,,,,,,,,,,,,,,,,,,,,,,,,,,,,,,16,C,0,1727.411336072,1729.4122319320002,1726.9296696099998,1727.4446901879999,left,1,0.3686189459999696,1726.9296696099998,None,,,,,,,,,,,,,,,,,,,,,,,,,,,,,P_WSB,1,Prac,Vertex,2021_Aug_04_0915,nBack_prac,2021.1.4,59.998416281908966,
,0,0,0,0,17,0,17,0,,,,,,,,,,,,,,,,,,,,,,,,,,,,,,,,,,,,,,,,,,,,,,,17,X,1,1729.9122537199999,1731.913336802,1729.43067102,1729.945763587,right,1,0.37854633200004173,1729.43067102,None,,,,,,,,,,,,,,,,,,,,,,,,,,,,,P_WSB,1,Prac,Vertex,2021_Aug_04_0915,nBack_prac,2021.1.4,59.998416281908966,
,0,0,0,0,,,,,,,,,,,,,,,,,,,,,,,,,,,,,,,,,,,,,,,,,,,,,,,,,,,,,,,,,,,,,,,1,1731.9467129920001,None,space,3.960912926999754,1731.9467129920001,None,,,,,,,,,,,,,,,,,,,,,,P_WSB,1,Prac,Vertex,2021_Aug_04_0915,nBack_prac,2021.1.4,59.998416281908966,
1,,,,,,,,,0,0,0,0,0,0,0,0,0,0,0,0,,,,,,,,,,,,,,,,,,,,,,,,,,,,,,,,,1737.732183581,None,0,C,0,,,,,,,,,,,,,,,,,1735.9830117970002,None,1740.217233701,1742.2180585909998,1739.7503662340002,1740.250621984,left,1,0.4988971100001436,1739.7503662340002,None,,,,,,,,,,,P_WSB,1,Prac,Vertex,2021_Aug_04_0915,nBack_prac,2021.1.4,59.998416281908966,
1,,,,,,,,,0,0,0,0,0,0,0,0,1,0,1,0,,,,,,,,,,,,,,,,,,,,,,,,,,,,,,,,,,,1,F,0,,,,,,,,,,,,,,,,,,,1742.718281616,1744.71947037,1742.2514733260002,1742.7517110740002,left,1,0.42952803199978007,1742.2514733260002,None,,,,,,,,,,,P_WSB,1,Prac,Vertex,2021_Aug_04_0915,nBack_prac,2021.1.4,59.998416281908966,
1,,,,,,,,,0,0,0,0,0,0,0,0,2,0,2,0,,,,,,,,,,,,,,,,,,,,,,,,,,,,,,,,,,,2,D,0,,,,,,,,,,,,,,,,,,,1745.2194755980001,1747.2205258729998,1744.752804466,1745.2528713499999,left,1,0.3821430580001106,1744.752804466,None,,,,,,,,,,,P_WSB,1,Prac,Vertex,2021_Aug_04_0915,nBack_prac,2021.1.4,59.998416281908966,
1,,,,,,,,,0,0,0,0,0,0,0,0,3,0,3,0,,,,,,,,,,,,,,,,,,,,,,,,,,,,,,,,,,,3,D,1,,,,,,,,,,,,,,,,,,,1747.72075921,1749.721627958,1747.2404195400002,1747.7540685800002,right,1,0.34227379799995106,1747.2404195400002,None,,,,,,,,,,,P_WSB,1,Prac,Vertex,2021_Aug_04_0915,nBack_prac,2021.1.4,59.998416281908966,
1,,,,,,,,,0,0,0,0,0,0,0,0,4,0,4,0,,,,,,,,,,,,,,,,,,,,,,,,,,,,,,,,,,,4,B,0,,,,,,,,,,,,,,,,,,,1750.2214307850002,1752.2228585230002,1749.75501891,1750.2553327530002,left,1,0.4593391419998625,1749.75501891,None,,,,,,,,,,,P_WSB,1,Prac,Vertex,2021_Aug_04_0915,nBack_prac,2021.1.4,59.998416281908966,
1,,,,,,,,,0,0,0,0,0,0,0,0,5,0,5,0,,,,,,,,,,,,,,,,,,,,,,,,,,,,,,,,,,,5,L,0,,,,,,,,,,,,,,,,,,,1752.7246363410002,1754.724076447,1752.2427602250002,1752.7564723449998,left,1,0.39671107699996355,1752.2427602250002,None,,,,,,,,,,,P_WSB,1,Prac,Vertex,2021_Aug_04_0915,nBack_prac,2021.1.4,59.998416281908966,
1,,,,,,,,,0,0,0,0,0,0,0,0,6,0,6,0,,,,,,,,,,,,,,,,,,,,,,,,,,,,,,,,,,,6,D,0,,,,,,,,,,,,,,,,,,,1755.224266507,1757.225255483,1754.7429062970002,1755.257629847,left,1,0.45616024299988567,1754.7429062970002,None,,,,,,,,,,,P_WSB,1,Prac,Vertex,2021_Aug_04_0915,nBack_prac,2021.1.4,59.998416281908966,
1,,,,,,,,,0,0,0,0,0,0,0,0,7,0,7,0,,,,,,,,,,,,,,,,,,,,,,,,,,,,,,,,,,,7,D,1,,,,,,,,,,,,,,,,,,,1757.7249796419999,1759.7265242669998,1757.242182188,1757.742320477,right,1,0.7448652969997056,1757.242182188,None,,,,,,,,,,,P_WSB,1,Prac,Vertex,2021_Aug_04_0915,nBack_prac,2021.1.4,59.998416281908966,
1,,,,,,,,,0,0,0,0,0,0,0,0,8,0,8,0,,,,,,,,,,,,,,,,,,,,,,,,,,,,,,,,,,,8,C,0,,,,,,,,,,,,,,,,,,,1760.2267664590001,1762.227510589,1759.7463874970001,1760.2601661719998,left,1,0.6354674819999673,1759.7463874970001,None,,,,,,,,,,,P_WSB,1,Prac,Vertex,2021_Aug_04_0915,nBack_prac,2021.1.4,59.998416281908966,
1,,,,,,,,,0,0,0,0,0,0,0,0,9,0,9,0,,,,,,,,,,,,,,,,,,,,,,,,,,,,,,,,,,,9,C,1,,,,,,,,,,,,,,,,,,,1762.7277493190002,1764.728804659,1762.246125369,1762.761172929,right,1,0.7414735400002428,1762.246125369,None,,,,,,,,,,,P_WSB,1,Prac,Vertex,2021_Aug_04_0915,nBack_prac,2021.1.4,59.998416281908966,
1,,,,,,,,,0,0,0,0,0,0,0,0,10,0,10,0,,,,,,,,,,,,,,,,,,,,,,,,,,,,,,,,,,,10,F,0,,,,,,,,,,,,,,,,,,,1765.228944918,1767.229996672,1764.7623065240002,1765.262530024,left,1,0.5351608320002015,1764.7623065240002,None,,,,,,,,,,,P_WSB,1,Prac,Vertex,2021_Aug_04_0915,nBack_prac,2021.1.4,59.998416281908966,
1,,,,,,,,,0,0,0,0,0,0,0,0,11,0,11,0,,,,,,,,,,,,,,,,,,,,,,,,,,,,,,,,,,,11,G,0,,,,,,,,,,,,,,,,,,,1767.7302754559998,1769.7311121139999,1767.2500251479998,1767.7653396019998,left,1,0.5223604439997871,1767.2500251479998,None,,,,,,,,,,,P_WSB,1,Prac,Vertex,2021_Aug_04_0915,nBack_prac,2021.1.4,59.998416281908966,
1,,,,,,,,,0,0,0,0,0,0,0,0,12,0,12,0,,,,,,,,,,,,,,,,,,,,,,,,,,,,,,,,,,,12,G,1,,,,,,,,,,,,,,,,,,,1770.231321944,1772.232286306,1769.751022618,1770.2646730959998,right,1,0.5613424719999784,1769.751022618,None,,,,,,,,,,,P_WSB,1,Prac,Vertex,2021_Aug_04_0915,nBack_prac,2021.1.4,59.998416281908966,
1,,,,,,,,,0,0,0,0,0,0,0,0,13,0,13,0,,,,,,,,,,,,,,,,,,,,,,,,,,,,,,,,,,,13,F,0,,,,,,,,,,,,,,,,,,,1772.7326978009999,None,1772.2509771759999,1772.7659489660002,left,1,0.46603615699996226,1772.2509771759999,None,,,,,,,,,,,P_WSB,1,Prac,Vertex,2021_Aug_04_0915,nBack_prac,2021.1.4,59.998416281908966,
1,,,,,,,,,0,0,0,0,0,0,0,0,14,0,14,0,,,,,,,,,,,,,,,,,,,,,,,,,,,,,,,,,,,14,F,1,,,,,,,,,,,,,,,,,,,1775.217118761,1777.2179499410001,1774.735625611,1775.250545493,right,1,1.0752438980002808,1774.735625611,None,,,,,,,,,,,P_WSB,1,Prac,Vertex,2021_Aug_04_0915,nBack_prac,2021.1.4,59.998416281908966,
1,,,,,,,,,0,0,0,0,0,0,0,0,15,0,15,0,,,,,,,,,,,,,,,,,,,,,,,,,,,,,,,,,,,15,B,0,,,,,,,,,,,,,,,,,,,1777.7184106870002,1779.7192624400002,1777.238149181,1777.751564897,left,1,0.47772862399961014,1777.238149181,None,,,,,,,,,,,P_WSB,1,Prac,Vertex,2021_Aug_04_0915,nBack_prac,2021.1.4,59.998416281908966,
1,,,,,,,,,0,0,0,0,0,0,0,0,16,0,16,0,,,,,,,,,,,,,,,,,,,,,,,,,,,,,,,,,,,16,B,1,,,,,,,,,,,,,,,,,,,1780.2195119,1782.2203781750002,1779.736019023,1780.2361114399998,right,1,0.6015450939999027,1779.736019023,None,,,,,,,,,,,P_WSB,1,Prac,Vertex,2021_Aug_04_0915,nBack_prac,2021.1.4,59.998416281908966,
1,,,,,,,,,0,0,0,0,0,0,0,0,17,0,17,0,,,,,,,,,,,,,,,,,,,,,,,,,,,,,,,,,,,17,P,0,,,,,,,,,,,,,,,,,,,1782.72079434,1784.721650234,1782.2405318510002,1782.754194847,left,1,0.7539722780002194,1782.2405318510002,None,,,,,,,,,,,P_WSB,1,Prac,Vertex,2021_Aug_04_0915,nBack_prac,2021.1.4,59.998416281908966,
1,,,,,,,,,0,0,0,0,0,0,0,0,,,,,,,,,,,,,,,,,,,,,,,,,,,,,,,,,,,,,,,,,,,,,,,,,,,,,,,,,,,,,,,,,,,,,1784.754945167,None,space,2.238270319000094,1784.754945167,None,,,,,P_WSB,1,Prac,Vertex,2021_Aug_04_0915,nBack_prac,2021.1.4,59.998416281908966,
1,,,,,,,,,0,0,0,0,,,,,,,,,,,,,,,,,,,,,,,,,,,,,,,,,,,,,,,,,,,,,,,,,,,,,,,,,,,,,,,,,,,,,,,,,,,,,,,,,,,P_WSB,1,Prac,Vertex,2021_Aug_04_0915,nBack_prac,2021.1.4,59.998416281908966,
2,,,,,,,,,0,1,1,1,0,0,0,0,0,0,0,0,,,,,,,,,,,,,,,,,,,,,,,,,,,,,,,,,1787.9891917339999,None,0,C,0,,,,,,,,,,,,,,,,,1787.0566242510001,None,1790.474247079,1792.4752344790002,1789.9925031639998,1790.507808529,left,1,0.7792408079999404,1789.9925031639998,None,,,,,,,,,,,P_WSB,1,Prac,Vertex,2021_Aug_04_0915,nBack_prac,2021.1.4,59.998416281908966,
2,,,,,,,,,0,1,1,1,0,0,0,0,1,0,1,0,,,,,,,,,,,,,,,,,,,,,,,,,,,,,,,,,,,1,N,0,,,,,,,,,,,,,,,,,,,1792.975187325,1794.9764771430002,1792.509124946,1793.0089515410002,left,1,1.1623323099997833,1792.509124946,None,,,,,,,,,,,P_WSB,1,Prac,Vertex,2021_Aug_04_0915,nBack_prac,2021.1.4,59.998416281908966,
2,,,,,,,,,0,1,1,1,0,0,0,0,2,0,2,0,,,,,,,,,,,,,,,,,,,,,,,,,,,,,,,,,,,2,C,1,,,,,,,,,,,,,,,,,,,1795.4766137929998,1797.4775571430002,1794.9951855890001,1795.5104520769999,right,1,0.8240841040001214,1794.9951855890001,None,,,,,,,,,,,P_WSB,1,Prac,Vertex,2021_Aug_04_0915,nBack_prac,2021.1.4,59.998416281908966,
2,,,,,,,,,0,1,1,1,0,0,0,0,3,0,3,0,,,,,,,,,,,,,,,,,,,,,,,,,,,,,,,,,,,3,L,0,,,,,,,,,,,,,,,,,,,1797.977921341,1799.978860295,1797.4962468310002,1798.011315129,left,1,1.4108517480003684,1797.4962468310002,None,,,,,,,,,,,P_WSB,1,Prac,Vertex,2021_Aug_04_0915,nBack_prac,2021.1.4,59.998416281908966,
2,,,,,,,,,0,1,1,1,0,0,0,0,4,0,4,0,,,,,,,,,,,,,,,,,,,,,,,,,,,,,,,,,,,4,D,0,,,,,,,,,,,,,,,,,,,1800.4790770910001,1802.4800989409998,1799.997572419,1800.5127049310001,left,1,0.934281232000103,1799.997572419,None,,,,,,,,,,,P_WSB,1,Prac,Vertex,2021_Aug_04_0915,nBack_prac,2021.1.4,59.998416281908966,
2,,,,,,,,,0,1,1,1,0,0,0,0,5,0,5,0,,,,,,,,,,,,,,,,,,,,,,,,,,,,,,,,,,,5,P,0,,,,,,,,,,,,,,,,,,,1802.980360458,1804.9811194299998,1802.498746465,1803.0137173179999,left,1,0.8452870400001302,1802.498746465,None,,,,,,,,,,,P_WSB,1,Prac,Vertex,2021_Aug_04_0915,nBack_prac,2021.1.4,59.998416281908966,
2,,,,,,,,,0,1,1,1,0,0,0,0,6,0,6,0,,,,,,,,,,,,,,,,,,,,,,,,,,,,,,,,,,,6,G,0,,,,,,,,,,,,,,,,,,,1805.481471895,1807.48233344,1804.999790134,1805.5147666599999,left,1,0.92690349600025,1804.999790134,None,,,,,,,,,,,P_WSB,1,Prac,Vertex,2021_Aug_04_0915,nBack_prac,2021.1.4,59.998416281908966,
2,,,,,,,,,0,1,1,1,0,0,0,0,7,0,7,0,,,,,,,,,,,,,,,,,,,,,,,,,,,,,,,,,,,7,P,1,,,,,,,,,,,,,,,,,,,1807.982742292,1809.983617088,1807.5021079800001,1808.0160285,right,1,0.970409342000039,1807.5021079800001,None,,,,,,,,,,,P_WSB,1,Prac,Vertex,2021_Aug_04_0915,nBack_prac,2021.1.4,59.998416281908966,
2,,,,,,,,,0,1,1,1,0,0,0,0,8,0,8,0,,,,,,,,,,,,,,,,,,,,,,,,,,,,,,,,,,,8,N,0,,,,,,,,,,,,,,,,,,,1810.483850282,1812.484812627,1810.0031354340001,1810.516926902,left,1,0.8253384360000382,1810.0031354340001,None,,,,,,,,,,,P_WSB,1,Prac,Vertex,2021_Aug_04_0915,nBack_prac,2021.1.4,59.998416281908966,
2,,,,,,,,,0,1,1,1,0,0,0,0,9,0,9,0,,,,,,,,,,,,,,,,,,,,,,,,,,,,,,,,,,,9,P,1,,,,,,,,,,,,,,,,,,,1812.9850349320002,1814.985896462,1812.5038380600001,1813.018253777,right,1,1.4123996359999182,1812.5038380600001,None,,,,,,,,,,,P_WSB,1,Prac,Vertex,2021_Aug_04_0915,nBack_prac,2021.1.4,59.998416281908966,
2,,,,,,,,,0,1,1,1,0,0,0,0,10,0,10,0,,,,,,,,,,,,,,,,,,,,,,,,,,,,,,,,,,,10,G,0,,,,,,,,,,,,,,,,,,,1815.486178297,1817.4871511039998,1815.004414487,1815.5192722069999,left,1,1.5626140839999607,1815.004414487,None,,,,,,,,,,,P_WSB,1,Prac,Vertex,2021_Aug_04_0915,nBack_prac,2021.1.4,59.998416281908966,
2,,,,,,,,,0,1,1,1,0,0,0,0,11,0,11,0,,,,,,,,,,,,,,,,,,,,,,,,,,,,,,,,,,,11,N,0,,,,,,,,,,,,,,,,,,,1817.9874000010002,1819.9884140709999,1817.5057604840001,1818.020637107,right,0,1.488073398999859,1817.5057604840001,None,,,,,,,,,,,P_WSB,1,Prac,Vertex,2021_Aug_04_0915,nBack_prac,2021.1.4,59.998416281908966,
2,,,,,,,,,0,1,1,1,0,0,0,0,12,0,12,0,,,,,,,,,,,,,,,,,,,,,,,,,,,,,,,,,,,12,G,1,,,,,,,,,,,,,,,,,,,1820.4884931889999,1822.4913836389999,1820.0069374910001,1820.5219429289998,right,1,1.3676653299999089,1820.0069374910001,None,,,,,,,,,,,P_WSB,1,Prac,Vertex,2021_Aug_04_0915,nBack_prac,2021.1.4,59.998416281908966,
2,,,,,,,,,0,1,1,1,0,0,0,0,13,0,13,0,,,,,,,,,,,,,,,,,,,,,,,,,,,,,,,,,,,13,C,0,,,,,,,,,,,,,,,,,,,1822.989733653,1824.9907425509998,1822.5230364830002,1823.023125643,left,1,0.8045611739999003,1822.5230364830002,None,,,,,,,,,,,P_WSB,1,Prac,Vertex,2021_Aug_04_0915,nBack_prac,2021.1.4,59.998416281908966,
2,,,,,,,,,0,1,1,1,0,0,0,0,14,0,14,0,,,,,,,,,,,,,,,,,,,,,,,,,,,,,,,,,,,14,G,1,,,,,,,,,,,,,,,,,,,1825.4909579110001,None,1825.0096001180002,1825.5243244209998,right,1,0.8869093379998958,1825.0096001180002,None,,,,,,,,,,,P_WSB,1,Prac,Vertex,2021_Aug_04_0915,nBack_prac,2021.1.4,59.998416281908966,
2,,,,,,,,,0,1,1,1,0,0,0,0,15,0,15,0,,,,,,,,,,,,,,,,,,,,,,,,,,,,,,,,,,,15,P,0,,,,,,,,,,,,,,,,,,,1827.9755924899998,1829.9763583279998,1827.493860146,1828.0093100810002,left,1,0.764470473000074,1827.493860146,None,,,,,,,,,,,P_WSB,1,Prac,Vertex,2021_Aug_04_0915,nBack_prac,2021.1.4,59.998416281908966,
2,,,,,,,,,0,1,1,1,0,0,0,0,16,0,16,0,,,,,,,,,,,,,,,,,,,,,,,,,,,,,,,,,,,16,G,1,,,,,,,,,,,,,,,,,,,1830.476620348,1832.4775341820002,1829.995185342,1830.510298036,right,1,0.8239732459996958,1829.995185342,None,,,,,,,,,,,P_WSB,1,Prac,Vertex,2021_Aug_04_0915,nBack_prac,2021.1.4,59.998416281908966,
2,,,,,,,,,0,1,1,1,0,0,0,0,17,0,17,0,,,,,,,,,,,,,,,,,,,,,,,,,,,,,,,,,,,17,F,0,,,,,,,,,,,,,,,,,,,1832.97785241,1834.978691612,1832.496362386,1833.01129131,left,1,0.7866105640000569,1832.496362386,None,,,,,,,,,,,P_WSB,1,Prac,Vertex,2021_Aug_04_0915,nBack_prac,2021.1.4,59.998416281908966,
2,,,,,,,,,0,1,1,1,0,0,0,0,,,,,,,,,,,,,,,,,,,,,,,,,,,,,,,,,,,,,,,,,,,,,,,,,,,,,,,,,,,,,,,,,,,,,1835.0121831499998,None,space,2.2296313240003656,1835.0121831499998,None,,,,,P_WSB,1,Prac,Vertex,2021_Aug_04_0915,nBack_prac,2021.1.4,59.998416281908966,
2,,,,,,,,,0,1,1,1,,,,,,,,,,,,,,,,,,,,,,,,,,,,,,,,,,,,,,,,,,,,,,,,,,,,,,,,,,,,,,,,,,,,,,,,,,,,,,,,,,,P_WSB,1,Prac,Vertex,2021_Aug_04_0915,nBack_prac,2021.1.4,59.998416281908966,
,,,,,,,,,,,,,,,,,,,,,,,,,,,,,,,,,,,,,,,,,,,,,,,,,,,,,,,,,,,,,,,,,,,1,,,,,,,,,,,,,,,,,,,,,,,,1837.264111695,None,1,1,,,,,,,,,
