﻿N_prac,trials_3.thisRepN,trials_3.thisTrialN,trials_3.thisN,trials_3.thisIndex,trials.thisRepN,trials.thisTrialN,trials.thisN,trials.thisIndex,trials_2.thisRepN,trials_2.thisTrialN,trials_2.thisN,trials_2.thisIndex,trials_4.thisRepN,trials_4.thisTrialN,trials_4.thisN,trials_4.thisIndex,trials_8.thisRepN,trials_8.thisTrialN,trials_8.thisN,trials_8.thisIndex,key_resp_9.keys,key_resp_9.rt,key_resp_9.started,key_resp_9.stopped,text_6.started,text_6.stopped,image.started,image.stopped,key_resp_10.keys,key_resp_10.rt,key_resp_10.started,key_resp_10.stopped,key_resp_11.keys,key_resp_11.rt,key_resp_11.started,key_resp_11.stopped,image_2.started,image_2.stopped,image_3.started,image_3.stopped,key_resp_12.keys,key_resp_12.rt,key_resp_12.started,key_resp_12.stopped,text_8.started,text_8.stopped,key_resp_14.keys,key_resp_14.rt,key_resp_14.started,key_resp_14.stopped,text_2.started,text_2.stopped,fixation_start.started,fixation_start.stopped,trialCount,itemPresented,trialType,fixation_3.started,fixation_3.stopped,letter_0back.started,letter_0back.stopped,key_resp_5.keys,key_resp_5.corr,key_resp_5.rt,key_resp_5.started,key_resp_5.stopped,pracRep0,text_4.started,text_4.stopped,key_resp_7.keys,key_resp_7.rt,key_resp_7.started,key_resp_7.stopped,instructionsTxt.started,instructionsTxt.stopped,fixation.started,fixation.stopped,letter.started,letter.stopped,key_resp_2.keys,key_resp_2.corr,key_resp_2.rt,key_resp_2.started,key_resp_2.stopped,text_5.started,text_5.stopped,key_resp_8.keys,key_resp_8.rt,key_resp_8.started,key_resp_8.stopped,text.started,text.stopped,pracRepN1,pracRepN2,participant,counterbalance,session,stim site,date,expName,psychopyVersion,frameRate,
,,,,,,,,,,,,,,,,,,,,,space,10.828325921999976,1722.2006776560002,None,,,,,,,,,,,,,,,,,,,,,,,,,,,,,,,,,,,,,,,,,,,,,,,,,,,,,,,,,,,,,,,,,,,,,,,D_KIF,1,Prac,Vertex,2021_Sep_14_1425,nBack_prac,2021.1.4,60.081946848928034,
,,,,,,,,,,,,,,,,,,,,,,,,,1722.2006776560002,None,1733.0626301050002,None,space,12.900213386000132,1733.0626301050002,None,,,,,,,,,,,,,,,,,,,,,,,,,,,,,,,,,,,,,,,,,,,,,,,,,,,,,,,,,,,,,,,D_KIF,1,Prac,Vertex,2021_Sep_14_1425,nBack_prac,2021.1.4,60.081946848928034,
,,,,,,,,,,,,,,,,,,,,,,,,,,,,,,,,,space,5.160245812000085,1745.998375189,None,,,,,,,,,,,,,,,,,,,,,,,,,,,,,,,,,,,,,,,,,,,,,,,,,,,,,,,,,,,D_KIF,1,Prac,Vertex,2021_Sep_14_1425,nBack_prac,2021.1.4,60.081946848928034,
,,,,,,,,,,,,,,,,,,,,,,,,,,,,,,,,,,,,,1745.998375189,None,1751.183752973,None,space,4.415649299999814,1751.183752973,None,,,,,,,,,,,,,,,,,,,,,,,,,,,,,,,,,,,,,,,,,,,,,,,,,,,D_KIF,1,Prac,Vertex,2021_Sep_14_1425,nBack_prac,2021.1.4,60.081946848928034,
,,,,,,,,,,,,,,,,,,,,,,,,,,,,,,,,,,,,,,,,,,,,,1755.63172107,None,space,6.298658559999922,1755.63172107,None,,,,,,,,,,,,,,,,,,,,,,,,,,,,,,,,,,,,,,,,,,,,,D_KIF,1,Prac,Vertex,2021_Sep_14_1425,nBack_prac,2021.1.4,60.081946848928034,
,0,0,0,0,0,0,0,0,,,,,,,,,,,,,,,,,,,,,,,,,,,,,,,,,,,,,,,,,,,1761.9547203500001,None,1769.904567257,None,0,F,0,1772.3909308470002,1774.391115159,1771.9228989829999,1772.4240271610001,left,1,0.4778452279999783,1771.9228989829999,None,,,,,,,,,,,,,,,,,,,,,,,,,,,,,D_KIF,1,Prac,Vertex,2021_Sep_14_1425,nBack_prac,2021.1.4,60.081946848928034,
,0,0,0,0,1,0,1,0,,,,,,,,,,,,,,,,,,,,,,,,,,,,,,,,,,,,,,,,,,,,,,,1,L,0,1774.891365949,1776.892320513,1774.411344139,1774.924595816,left,1,0.41931046700005936,1774.411344139,None,,,,,,,,,,,,,,,,,,,,,,,,,,,,,D_KIF,1,Prac,Vertex,2021_Sep_14_1425,nBack_prac,2021.1.4,60.081946848928034,
,0,0,0,0,2,0,2,0,,,,,,,,,,,,,,,,,,,,,,,,,,,,,,,,,,,,,,,,,,,,,,,2,X,1,1777.3925593660001,1779.3935051100002,1776.912316733,1777.425971743,right,1,0.5570166400000289,1776.912316733,None,,,,,,,,,,,,,,,,,,,,,,,,,,,,,D_KIF,1,Prac,Vertex,2021_Sep_14_1425,nBack_prac,2021.1.4,60.081946848928034,
,0,0,0,0,3,0,3,0,,,,,,,,,,,,,,,,,,,,,,,,,,,,,,,,,,,,,,,,,,,,,,,3,B,0,1779.893648013,1781.8947772779998,1779.4122650529998,1779.927025908,left,1,0.3350892879998355,1779.4122650529998,None,,,,,,,,,,,,,,,,,,,,,,,,,,,,,D_KIF,1,Prac,Vertex,2021_Sep_14_1425,nBack_prac,2021.1.4,60.081946848928034,
,0,0,0,0,4,0,4,0,,,,,,,,,,,,,,,,,,,,,,,,,,,,,,,,,,,,,,,,,,,,,,,4,X,1,1782.39498494,1784.395798766,1781.913458858,1782.428152348,right,1,0.36757978499986166,1781.913458858,None,,,,,,,,,,,,,,,,,,,,,,,,,,,,,D_KIF,1,Prac,Vertex,2021_Sep_14_1425,nBack_prac,2021.1.4,60.081946848928034,
,0,0,0,0,5,0,5,0,,,,,,,,,,,,,,,,,,,,,,,,,,,,,,,,,,,,,,,,,,,,,,,5,G,0,1784.8960493680001,1786.897119975,1784.4159602700001,1784.929397236,left,1,0.28508734899992305,1784.4159602700001,None,,,,,,,,,,,,,,,,,,,,,,,,,,,,,D_KIF,1,Prac,Vertex,2021_Sep_14_1425,nBack_prac,2021.1.4,60.081946848928034,
,0,0,0,0,6,0,6,0,,,,,,,,,,,,,,,,,,,,,,,,,,,,,,,,,,,,,,,,,,,,,,,6,B,0,1787.397105225,1789.3982240300002,1786.9158101050002,1787.4306553249999,left,1,0.3190350310001122,1786.9158101050002,None,,,,,,,,,,,,,,,,,,,,,,,,,,,,,D_KIF,1,Prac,Vertex,2021_Sep_14_1425,nBack_prac,2021.1.4,60.081946848928034,
,0,0,0,0,7,0,7,0,,,,,,,,,,,,,,,,,,,,,,,,,,,,,,,,,,,,,,,,,,,,,,,7,X,1,1789.8984854149999,1791.899055553,1789.4168530050001,1789.9318955499998,right,1,0.32999560199982625,1789.4168530050001,None,,,,,,,,,,,,,,,,,,,,,,,,,,,,,D_KIF,1,Prac,Vertex,2021_Sep_14_1425,nBack_prac,2021.1.4,60.081946848928034,
,0,0,0,0,8,0,8,0,,,,,,,,,,,,,,,,,,,,,,,,,,,,,,,,,,,,,,,,,,,,,,,8,L,0,1792.39926934,1794.4005700869998,1791.916087986,1792.4162458689998,left,1,0.3424516309999035,1791.916087986,None,,,,,,,,,,,,,,,,,,,,,,,,,,,,,D_KIF,1,Prac,Vertex,2021_Sep_14_1425,nBack_prac,2021.1.4,60.081946848928034,
,0,0,0,0,9,0,9,0,,,,,,,,,,,,,,,,,,,,,,,,,,,,,,,,,,,,,,,,,,,,,,,9,X,1,1794.900885851,1796.901767921,1794.4191639790001,1794.9338901209999,right,1,0.3262391620000926,1794.4191639790001,None,,,,,,,,,,,,,,,,,,,,,,,,,,,,,D_KIF,1,Prac,Vertex,2021_Sep_14_1425,nBack_prac,2021.1.4,60.081946848928034,
,0,0,0,0,10,0,10,0,,,,,,,,,,,,,,,,,,,,,,,,,,,,,,,,,,,,,,,,,,,,,,,10,N,0,1797.402107504,1799.402925591,1796.9212192240002,1797.435356004,left,1,0.3240534999999909,1796.9212192240002,None,,,,,,,,,,,,,,,,,,,,,,,,,,,,,D_KIF,1,Prac,Vertex,2021_Sep_14_1425,nBack_prac,2021.1.4,60.081946848928034,
,0,0,0,0,11,0,11,0,,,,,,,,,,,,,,,,,,,,,,,,,,,,,,,,,,,,,,,,,,,,,,,11,D,0,1799.903265815,1801.9041407079999,1799.4232207559999,1799.9364732089998,left,1,0.34771402500018667,1799.4232207559999,None,,,,,,,,,,,,,,,,,,,,,,,,,,,,,D_KIF,1,Prac,Vertex,2021_Sep_14_1425,nBack_prac,2021.1.4,60.081946848928034,
,0,0,0,0,12,0,12,0,,,,,,,,,,,,,,,,,,,,,,,,,,,,,,,,,,,,,,,,,,,,,,,12,X,1,1802.4044524310002,1804.4052779939998,1801.924254724,1802.4377768079999,right,1,0.321562983999911,1801.924254724,None,,,,,,,,,,,,,,,,,,,,,,,,,,,,,D_KIF,1,Prac,Vertex,2021_Sep_14_1425,nBack_prac,2021.1.4,60.081946848928034,
,0,0,0,0,13,0,13,0,,,,,,,,,,,,,,,,,,,,,,,,,,,,,,,,,,,,,,,,,,,,,,,13,G,0,1804.9055344079998,1806.906592206,1804.425381786,1804.9388579860001,left,1,0.3044345099999646,1804.425381786,None,,,,,,,,,,,,,,,,,,,,,,,,,,,,,D_KIF,1,Prac,Vertex,2021_Sep_14_1425,nBack_prac,2021.1.4,60.081946848928034,
,0,0,0,0,14,0,14,0,,,,,,,,,,,,,,,,,,,,,,,,,,,,,,,,,,,,,,,,,,,,,,,14,G,0,1807.406864268,None,1806.9256345959998,1807.4400409199998,left,1,0.32386395699995774,1806.9256345959998,None,,,,,,,,,,,,,,,,,,,,,,,,,,,,,D_KIF,1,Prac,Vertex,2021_Sep_14_1425,nBack_prac,2021.1.4,60.081946848928034,
,0,0,0,0,15,0,15,0,,,,,,,,,,,,,,,,,,,,,,,,,,,,,,,,,,,,,,,,,,,,,,,15,T,0,1809.890919758,1811.8921736829998,1809.4105781429998,1809.924627375,left,1,0.34073491999993166,1809.4105781429998,None,,,,,,,,,,,,,,,,,,,,,,,,,,,,,D_KIF,1,Prac,Vertex,2021_Sep_14_1425,nBack_prac,2021.1.4,60.081946848928034,
,0,0,0,0,16,0,16,0,,,,,,,,,,,,,,,,,,,,,,,,,,,,,,,,,,,,,,,,,,,,,,,16,C,0,1812.39255068,1814.393387007,1811.9118491559998,1812.425933953,left,1,0.3723364039999524,1811.9118491559998,None,,,,,,,,,,,,,,,,,,,,,,,,,,,,,D_KIF,1,Prac,Vertex,2021_Sep_14_1425,nBack_prac,2021.1.4,60.081946848928034,
,0,0,0,0,17,0,17,0,,,,,,,,,,,,,,,,,,,,,,,,,,,,,,,,,,,,,,,,,,,,,,,17,X,1,1814.893682457,1816.894605727,1814.412014815,1814.9269543169999,right,1,0.38398884999992333,1814.412014815,None,,,,,,,,,,,,,,,,,,,,,,,,,,,,,D_KIF,1,Prac,Vertex,2021_Sep_14_1425,nBack_prac,2021.1.4,60.081946848928034,
,0,0,0,0,,,,,,,,,,,,,,,,,,,,,,,,,,,,,,,,,,,,,,,,,,,,,,,,,,,,,,,,,,,,,,,1,1816.9278888990002,None,space,1.8549735850001525,1816.9278888990002,None,,,,,,,,,,,,,,,,,,,,,,D_KIF,1,Prac,Vertex,2021_Sep_14_1425,nBack_prac,2021.1.4,60.081946848928034,
1,,,,,,,,,0,0,0,0,0,0,0,0,0,0,0,0,,,,,,,,,,,,,,,,,,,,,,,,,,,,,,,,,1823.7304368219998,None,0,F,0,,,,,,,,,,,,,,,,,1818.862558457,None,1826.2154911920002,1828.216605304,1825.7485989040001,1826.248813656,left,1,0.590271131999998,1825.7485989040001,None,,,,,,,,,,,D_KIF,1,Prac,Vertex,2021_Sep_14_1425,nBack_prac,2021.1.4,60.081946848928034,
1,,,,,,,,,0,0,0,0,0,0,0,0,1,0,1,0,,,,,,,,,,,,,,,,,,,,,,,,,,,,,,,,,,,1,C,0,,,,,,,,,,,,,,,,,,,1828.7167098579998,1830.7177671680001,1828.2504360920002,1828.7503413079999,left,1,0.8621984780002094,1828.2504360920002,None,,,,,,,,,,,D_KIF,1,Prac,Vertex,2021_Sep_14_1425,nBack_prac,2021.1.4,60.081946848928034,
1,,,,,,,,,0,0,0,0,0,0,0,0,2,0,2,0,,,,,,,,,,,,,,,,,,,,,,,,,,,,,,,,,,,2,T,0,,,,,,,,,,,,,,,,,,,1831.234913878,None,1830.7512524980002,1831.251323631,left,1,0.36708550000003015,1830.7512524980002,None,,,,,,,,,,,D_KIF,1,Prac,Vertex,2021_Sep_14_1425,nBack_prac,2021.1.4,60.081946848928034,
1,,,,,,,,,0,0,0,0,0,0,0,0,3,0,3,0,,,,,,,,,,,,,,,,,,,,,,,,,,,,,,,,,,,3,T,1,,,,,,,,,,,,,,,,,,,1833.7193218870002,1835.720000105,1833.235966913,1833.7361615949999,right,1,0.47625095200010037,1833.235966913,None,,,,,,,,,,,D_KIF,1,Prac,Vertex,2021_Sep_14_1425,nBack_prac,2021.1.4,60.081946848928034,
1,,,,,,,,,0,0,0,0,0,0,0,0,4,0,4,0,,,,,,,,,,,,,,,,,,,,,,,,,,,,,,,,,,,4,F,0,,,,,,,,,,,,,,,,,,,1836.220517115,1838.2212647729998,1835.7391502249998,1836.253564491,left,1,0.3451882760000444,1835.7391502249998,None,,,,,,,,,,,D_KIF,1,Prac,Vertex,2021_Sep_14_1425,nBack_prac,2021.1.4,60.081946848928034,
1,,,,,,,,,0,0,0,0,0,0,0,0,5,0,5,0,,,,,,,,,,,,,,,,,,,,,,,,,,,,,,,,,,,5,N,0,,,,,,,,,,,,,,,,,,,1838.721100281,1840.7223710549997,1838.2416979109998,1838.7547823729997,left,1,0.35831980000011754,1838.2416979109998,None,,,,,,,,,,,D_KIF,1,Prac,Vertex,2021_Sep_14_1425,nBack_prac,2021.1.4,60.081946848928034,
1,,,,,,,,,0,0,0,0,0,0,0,0,6,0,6,0,,,,,,,,,,,,,,,,,,,,,,,,,,,,,,,,,,,6,D,0,,,,,,,,,,,,,,,,,,,1841.2227220149998,1843.2236717669998,1840.742643083,1841.2560531549998,left,1,0.3512620980000065,1840.742643083,None,,,,,,,,,,,D_KIF,1,Prac,Vertex,2021_Sep_14_1425,nBack_prac,2021.1.4,60.081946848928034,
1,,,,,,,,,0,0,0,0,0,0,0,0,7,0,7,0,,,,,,,,,,,,,,,,,,,,,,,,,,,,,,,,,,,7,D,1,,,,,,,,,,,,,,,,,,,1843.72386517,1845.724749522,1843.2437898869998,1843.757237287,right,1,0.7800275649997275,1843.2437898869998,None,,,,,,,,,,,D_KIF,1,Prac,Vertex,2021_Sep_14_1425,nBack_prac,2021.1.4,60.081946848928034,
1,,,,,,,,,0,0,0,0,0,0,0,0,8,0,8,0,,,,,,,,,,,,,,,,,,,,,,,,,,,,,,,,,,,8,P,0,,,,,,,,,,,,,,,,,,,1846.2249985959998,1848.225845176,1845.744979047,1846.257940726,left,1,0.500573796000026,1845.744979047,None,,,,,,,,,,,D_KIF,1,Prac,Vertex,2021_Sep_14_1425,nBack_prac,2021.1.4,60.081946848928034,
1,,,,,,,,,0,0,0,0,0,0,0,0,9,0,9,0,,,,,,,,,,,,,,,,,,,,,,,,,,,,,,,,,,,9,P,1,,,,,,,,,,,,,,,,,,,1848.726250842,1850.7268890689998,1848.24640425,1848.7595317149999,right,1,0.3780918180000299,1848.24640425,None,,,,,,,,,,,D_KIF,1,Prac,Vertex,2021_Sep_14_1425,nBack_prac,2021.1.4,60.081946848928034,
1,,,,,,,,,0,0,0,0,0,0,0,0,10,0,10,0,,,,,,,,,,,,,,,,,,,,,,,,,,,,,,,,,,,10,B,0,,,,,,,,,,,,,,,,,,,1851.2277971459998,1853.2284194459999,1850.7456233389998,1851.2610870619997,left,1,0.3947366279999187,1850.7456233389998,None,,,,,,,,,,,D_KIF,1,Prac,Vertex,2021_Sep_14_1425,nBack_prac,2021.1.4,60.081946848928034,
1,,,,,,,,,0,0,0,0,0,0,0,0,11,0,11,0,,,,,,,,,,,,,,,,,,,,,,,,,,,,,,,,,,,11,G,0,,,,,,,,,,,,,,,,,,,1853.7286475189999,1855.729578981,1853.248634914,1853.7615805309997,left,1,0.37846843999977864,1853.248634914,None,,,,,,,,,,,D_KIF,1,Prac,Vertex,2021_Sep_14_1425,nBack_prac,2021.1.4,60.081946848928034,
1,,,,,,,,,0,0,0,0,0,0,0,0,12,0,12,0,,,,,,,,,,,,,,,,,,,,,,,,,,,,,,,,,,,12,G,1,,,,,,,,,,,,,,,,,,,1856.229858106,1858.230847891,1855.7498113689999,1856.263162441,right,1,0.49425672200004556,1855.7498113689999,None,,,,,,,,,,,D_KIF,1,Prac,Vertex,2021_Sep_14_1425,nBack_prac,2021.1.4,60.081946848928034,
1,,,,,,,,,0,0,0,0,0,0,0,0,13,0,13,0,,,,,,,,,,,,,,,,,,,,,,,,,,,,,,,,,,,13,P,0,,,,,,,,,,,,,,,,,,,1858.7311244449998,None,1858.249591873,1858.764276591,left,1,0.36223568800005523,1858.249591873,None,,,,,,,,,,,D_KIF,1,Prac,Vertex,2021_Sep_14_1425,nBack_prac,2021.1.4,60.081946848928034,
1,,,,,,,,,0,0,0,0,0,0,0,0,14,0,14,0,,,,,,,,,,,,,,,,,,,,,,,,,,,,,,,,,,,14,P,1,,,,,,,,,,,,,,,,,,,1861.215517305,1863.2156793139998,1860.735053168,1861.248822908,right,1,0.44571197599998413,1860.735053168,None,,,,,,,,,,,D_KIF,1,Prac,Vertex,2021_Sep_14_1425,nBack_prac,2021.1.4,60.081946848928034,
1,,,,,,,,,0,0,0,0,0,0,0,0,15,0,15,0,,,,,,,,,,,,,,,,,,,,,,,,,,,,,,,,,,,15,T,0,,,,,,,,,,,,,,,,,,,1863.7166826449998,1865.717534368,1863.234837133,1863.7502366199997,left,1,0.3816414349998922,1863.234837133,None,,,,,,,,,,,D_KIF,1,Prac,Vertex,2021_Sep_14_1425,nBack_prac,2021.1.4,60.081946848928034,
1,,,,,,,,,0,0,0,0,0,0,0,0,16,0,16,0,,,,,,,,,,,,,,,,,,,,,,,,,,,,,,,,,,,16,T,1,,,,,,,,,,,,,,,,,,,1866.217967573,1868.2187436639997,1865.7360825679998,1866.251134225,right,1,0.361288697999953,1865.7360825679998,None,,,,,,,,,,,D_KIF,1,Prac,Vertex,2021_Sep_14_1425,nBack_prac,2021.1.4,60.081946848928034,
1,,,,,,,,,0,0,0,0,0,0,0,0,17,0,17,0,,,,,,,,,,,,,,,,,,,,,,,,,,,,,,,,,,,17,L,0,,,,,,,,,,,,,,,,,,,1868.7191856939999,1870.720056578,1868.2393065799997,1868.752650928,left,1,0.3259603100000277,1868.2393065799997,None,,,,,,,,,,,D_KIF,1,Prac,Vertex,2021_Sep_14_1425,nBack_prac,2021.1.4,60.081946848928034,
1,,,,,,,,,0,0,0,0,0,0,0,0,,,,,,,,,,,,,,,,,,,,,,,,,,,,,,,,,,,,,,,,,,,,,,,,,,,,,,,,,,,,,,,,,,,,,1870.753077926,None,space,2.776196278000043,1870.753077926,None,,,,,D_KIF,1,Prac,Vertex,2021_Sep_14_1425,nBack_prac,2021.1.4,60.081946848928034,
1,,,,,,,,,0,0,0,0,,,,,,,,,,,,,,,,,,,,,,,,,,,,,,,,,,,,,,,,,,,,,,,,,,,,,,,,,,,,,,,,,,,,,,,,,,,,,,,,,,,D_KIF,1,Prac,Vertex,2021_Sep_14_1425,nBack_prac,2021.1.4,60.081946848928034,
2,,,,,,,,,0,1,1,1,0,0,0,0,0,0,0,0,,,,,,,,,,,,,,,,,,,,,,,,,,,,,,,,,1878.0560675689999,None,0,B,0,,,,,,,,,,,,,,,,,1873.588134864,None,1880.541094397,1882.541894263,1880.059254413,1880.5743909989997,left,1,0.27210820400023294,1880.059254413,None,,,,,,,,,,,D_KIF,1,Prac,Vertex,2021_Sep_14_1425,nBack_prac,2021.1.4,60.081946848928034,
2,,,,,,,,,0,1,1,1,0,0,0,0,1,0,1,0,,,,,,,,,,,,,,,,,,,,,,,,,,,,,,,,,,,1,L,0,,,,,,,,,,,,,,,,,,,1883.0422003559997,1885.0431659759997,1882.560980444,1883.0757750029998,left,1,0.39818706699998074,1882.560980444,None,,,,,,,,,,,D_KIF,1,Prac,Vertex,2021_Sep_14_1425,nBack_prac,2021.1.4,60.081946848928034,
2,,,,,,,,,0,1,1,1,0,0,0,0,2,0,2,0,,,,,,,,,,,,,,,,,,,,,,,,,,,,,,,,,,,2,B,1,,,,,,,,,,,,,,,,,,,1885.543497318,1887.5443682679997,1885.0614359659999,1885.576922661,right,1,0.40849303999993936,1885.0614359659999,None,,,,,,,,,,,D_KIF,1,Prac,Vertex,2021_Sep_14_1425,nBack_prac,2021.1.4,60.081946848928034,
2,,,,,,,,,0,1,1,1,0,0,0,0,3,0,3,0,,,,,,,,,,,,,,,,,,,,,,,,,,,,,,,,,,,3,N,0,,,,,,,,,,,,,,,,,,,1888.04455079,1890.0454905459997,1887.5637892659997,1888.077978206,left,1,0.5351093670001319,1887.5637892659997,None,,,,,,,,,,,D_KIF,1,Prac,Vertex,2021_Sep_14_1425,nBack_prac,2021.1.4,60.081946848928034,
2,,,,,,,,,0,1,1,1,0,0,0,0,4,0,4,0,,,,,,,,,,,,,,,,,,,,,,,,,,,,,,,,,,,4,T,0,,,,,,,,,,,,,,,,,,,1890.545881296,1892.5467489779999,1890.0641158959997,1890.57904922,left,1,0.4575620800001161,1890.0641158959997,None,,,,,,,,,,,D_KIF,1,Prac,Vertex,2021_Sep_14_1425,nBack_prac,2021.1.4,60.081946848928034,
2,,,,,,,,,0,1,1,1,0,0,0,0,5,0,5,0,,,,,,,,,,,,,,,,,,,,,,,,,,,,,,,,,,,5,L,0,,,,,,,,,,,,,,,,,,,1893.047076022,1895.0479044619997,1892.5659214019997,1893.07995756,left,1,0.5046804079997855,1892.5659214019997,None,,,,,,,,,,,D_KIF,1,Prac,Vertex,2021_Sep_14_1425,nBack_prac,2021.1.4,60.081946848928034,
2,,,,,,,,,0,1,1,1,0,0,0,0,6,0,6,0,,,,,,,,,,,,,,,,,,,,,,,,,,,,,,,,,,,6,P,0,,,,,,,,,,,,,,,,,,,1895.548317445,1897.5490735569997,1895.0664819429999,1895.5815226719997,left,1,0.6649810459998662,1895.0664819429999,None,,,,,,,,,,,D_KIF,1,Prac,Vertex,2021_Sep_14_1425,nBack_prac,2021.1.4,60.081946848928034,
2,,,,,,,,,0,1,1,1,0,0,0,0,7,0,7,0,,,,,,,,,,,,,,,,,,,,,,,,,,,,,,,,,,,7,L,1,,,,,,,,,,,,,,,,,,,1898.0493889519998,1900.0502646549999,1897.567435729,1898.0825267759997,right,1,0.6149046460000136,1897.567435729,None,,,,,,,,,,,D_KIF,1,Prac,Vertex,2021_Sep_14_1425,nBack_prac,2021.1.4,60.081946848928034,
2,,,,,,,,,0,1,1,1,0,0,0,0,8,0,8,0,,,,,,,,,,,,,,,,,,,,,,,,,,,,,,,,,,,8,B,0,,,,,,,,,,,,,,,,,,,1900.5504823309998,1902.551407639,1900.0686833209998,1900.5838595669998,left,1,0.4374521539998568,1900.0686833209998,None,,,,,,,,,,,D_KIF,1,Prac,Vertex,2021_Sep_14_1425,nBack_prac,2021.1.4,60.081946848928034,
2,,,,,,,,,0,1,1,1,0,0,0,0,9,0,9,0,,,,,,,,,,,,,,,,,,,,,,,,,,,,,,,,,,,9,L,1,,,,,,,,,,,,,,,,,,,1903.0516756869997,1905.0526536069997,1902.5696946849998,1903.084999221,left,0,0.31247671599976456,1902.5696946849998,None,,,,,,,,,,,D_KIF,1,Prac,Vertex,2021_Sep_14_1425,nBack_prac,2021.1.4,60.081946848928034,
2,,,,,,,,,0,1,1,1,0,0,0,0,10,0,10,0,,,,,,,,,,,,,,,,,,,,,,,,,,,,,,,,,,,10,F,0,,,,,,,,,,,,,,,,,,,1905.5526011909997,1907.553871614,1905.0711962589999,1905.5862563209998,left,1,0.4695624310002131,1905.0711962589999,None,,,,,,,,,,,D_KIF,1,Prac,Vertex,2021_Sep_14_1425,nBack_prac,2021.1.4,60.081946848928034,
2,,,,,,,,,0,1,1,1,0,0,0,0,11,0,11,0,,,,,,,,,,,,,,,,,,,,,,,,,,,,,,,,,,,11,D,0,,,,,,,,,,,,,,,,,,,1908.054050366,1910.055021151,1907.572696569,1908.0871743909997,left,1,0.5019201300001441,1907.572696569,None,,,,,,,,,,,D_KIF,1,Prac,Vertex,2021_Sep_14_1425,nBack_prac,2021.1.4,60.081946848928034,
2,,,,,,,,,0,1,1,1,0,0,0,0,12,0,12,0,,,,,,,,,,,,,,,,,,,,,,,,,,,,,,,,,,,12,F,1,,,,,,,,,,,,,,,,,,,1910.55488256,1912.5562058799997,1910.0741971879997,1910.58872427,right,1,0.35927829599995675,1910.0741971879997,None,,,,,,,,,,,D_KIF,1,Prac,Vertex,2021_Sep_14_1425,nBack_prac,2021.1.4,60.081946848928034,
2,,,,,,,,,0,1,1,1,0,0,0,0,13,0,13,0,,,,,,,,,,,,,,,,,,,,,,,,,,,,,,,,,,,13,B,0,,,,,,,,,,,,,,,,,,,1913.05641406,None,1912.574628766,1913.089834894,left,1,0.4335721620000186,1912.574628766,None,,,,,,,,,,,D_KIF,1,Prac,Vertex,2021_Sep_14_1425,nBack_prac,2021.1.4,60.081946848928034,
2,,,,,,,,,0,1,1,1,0,0,0,0,14,0,14,0,,,,,,,,,,,,,,,,,,,,,,,,,,,,,,,,,,,14,F,1,,,,,,,,,,,,,,,,,,,1915.5409683959997,1917.541948263,1915.0590142699998,1915.5742893459997,right,1,0.4111942870003986,1915.0590142699998,None,,,,,,,,,,,D_KIF,1,Prac,Vertex,2021_Sep_14_1425,nBack_prac,2021.1.4,60.081946848928034,
2,,,,,,,,,0,1,1,1,0,0,0,0,15,0,15,0,,,,,,,,,,,,,,,,,,,,,,,,,,,,,,,,,,,15,C,0,,,,,,,,,,,,,,,,,,,1918.0421461279998,1920.0431788,1917.5605713579998,1918.075676593,left,1,0.326571893000164,1917.5605713579998,None,,,,,,,,,,,D_KIF,1,Prac,Vertex,2021_Sep_14_1425,nBack_prac,2021.1.4,60.081946848928034,
2,,,,,,,,,0,1,1,1,0,0,0,0,16,0,16,0,,,,,,,,,,,,,,,,,,,,,,,,,,,,,,,,,,,16,F,1,,,,,,,,,,,,,,,,,,,1920.5431137259998,1922.544248797,1920.06142813,1920.5764837269999,left,0,0.34447818000035113,1920.06142813,None,,,,,,,,,,,D_KIF,1,Prac,Vertex,2021_Sep_14_1425,nBack_prac,2021.1.4,60.081946848928034,
2,,,,,,,,,0,1,1,1,0,0,0,0,17,0,17,0,,,,,,,,,,,,,,,,,,,,,,,,,,,,,,,,,,,17,P,0,,,,,,,,,,,,,,,,,,,1923.0444701349998,1925.0454440489998,1922.562558525,1923.0779020669997,left,1,0.5251236819999576,1922.562558525,None,,,,,,,,,,,D_KIF,1,Prac,Vertex,2021_Sep_14_1425,nBack_prac,2021.1.4,60.081946848928034,
2,,,,,,,,,0,1,1,1,0,0,0,0,,,,,,,,,,,,,,,,,,,,,,,,,,,,,,,,,,,,,,,,,,,,,,,,,,,,,,,,,,,,,,,,,,,,,1925.0790822889999,None,space,1.911348973999793,1925.0790822889999,None,,,,,D_KIF,1,Prac,Vertex,2021_Sep_14_1425,nBack_prac,2021.1.4,60.081946848928034,
2,,,,,,,,,0,1,1,1,,,,,,,,,,,,,,,,,,,,,,,,,,,,,,,,,,,,,,,,,,,,,,,,,,,,,,,,,,,,,,,,,,,,,,,,,,,,,,,,,,,D_KIF,1,Prac,Vertex,2021_Sep_14_1425,nBack_prac,2021.1.4,60.081946848928034,
,,,,,,,,,,,,,,,,,,,,,,,,,,,,,,,,,,,,,,,,,,,,,,,,,,,,,,,,,,,,,,,,,,,1,,,,,,,,,,,,,,,,,,,,,,,,1927.0137102019999,None,1,1,,,,,,,,,
