﻿N_prac,trials_3.thisRepN,trials_3.thisTrialN,trials_3.thisN,trials_3.thisIndex,trials.thisRepN,trials.thisTrialN,trials.thisN,trials.thisIndex,trials_2.thisRepN,trials_2.thisTrialN,trials_2.thisN,trials_2.thisIndex,trials_4.thisRepN,trials_4.thisTrialN,trials_4.thisN,trials_4.thisIndex,trials_8.thisRepN,trials_8.thisTrialN,trials_8.thisN,trials_8.thisIndex,key_resp_9.keys,key_resp_9.rt,key_resp_9.started,key_resp_9.stopped,text_6.started,text_6.stopped,image.started,image.stopped,key_resp_10.keys,key_resp_10.rt,key_resp_10.started,key_resp_10.stopped,key_resp_11.keys,key_resp_11.rt,key_resp_11.started,key_resp_11.stopped,image_2.started,image_2.stopped,image_3.started,image_3.stopped,key_resp_12.keys,key_resp_12.rt,key_resp_12.started,key_resp_12.stopped,text_8.started,text_8.stopped,key_resp_14.keys,key_resp_14.rt,key_resp_14.started,key_resp_14.stopped,text_2.started,text_2.stopped,fixation_start.started,fixation_start.stopped,trialCount,itemPresented,trialType,fixation_3.started,fixation_3.stopped,letter_0back.started,letter_0back.stopped,key_resp_5.keys,key_resp_5.corr,key_resp_5.rt,key_resp_5.started,key_resp_5.stopped,pracRep0,text_4.started,text_4.stopped,key_resp_7.keys,key_resp_7.rt,key_resp_7.started,key_resp_7.stopped,instructionsTxt.started,instructionsTxt.stopped,fixation.started,fixation.stopped,letter.started,letter.stopped,key_resp_2.keys,key_resp_2.corr,key_resp_2.rt,key_resp_2.started,key_resp_2.stopped,text_5.started,text_5.stopped,key_resp_8.keys,key_resp_8.rt,key_resp_8.started,key_resp_8.stopped,text.started,text.stopped,pracRepN1,pracRepN2,participant,counterbalance,session,stim site,date,expName,psychopyVersion,frameRate,
,,,,,,,,,,,,,,,,,,,,,space,14.213733131999106,593.4756921740009,None,,,,,,,,,,,,,,,,,,,,,,,,,,,,,,,,,,,,,,,,,,,,,,,,,,,,,,,,,,,,,,,,,,,,,,,D_PEU,1,Prac,FPCNB,2021_Sep_17_1311,nBack_prac,2021.1.4,59.99362891706495,
,,,,,,,,,,,,,,,,,,,,,,,,,593.4756921740009,None,607.722268599,None,space,15.535675630000696,607.722268599,None,,,,,,,,,,,,,,,,,,,,,,,,,,,,,,,,,,,,,,,,,,,,,,,,,,,,,,,,,,,,,,,D_PEU,1,Prac,FPCNB,2021_Sep_17_1311,nBack_prac,2021.1.4,59.99362891706495,
,,,,,,,,,,,,,,,,,,,,,,,,,,,,,,,,,space,15.561291586000152,623.2972000110003,None,,,,,,,,,,,,,,,,,,,,,,,,,,,,,,,,,,,,,,,,,,,,,,,,,,,,,,,,,,,D_PEU,1,Prac,FPCNB,2021_Sep_17_1311,nBack_prac,2021.1.4,59.99362891706495,
,,,,,,,,,,,,,,,,,,,,,,,,,,,,,,,,,,,,,623.2972000110003,None,638.8841643550004,None,space,9.619587981000222,638.8841643550004,None,,,,,,,,,,,,,,,,,,,,,,,,,,,,,,,,,,,,,,,,,,,,,,,,,,,D_PEU,1,Prac,FPCNB,2021_Sep_17_1311,nBack_prac,2021.1.4,59.99362891706495,
,,,,,,,,,,,,,,,,,,,,,,,,,,,,,,,,,,,,,,,,,,,,,648.5347178160009,None,space,12.651018508000561,648.5347178160009,None,,,,,,,,,,,,,,,,,,,,,,,,,,,,,,,,,,,,,,,,,,,,,D_PEU,1,Prac,FPCNB,2021_Sep_17_1311,nBack_prac,2021.1.4,59.99362891706495,
,0,0,0,0,0,0,0,0,,,,,,,,,,,,,,,,,,,,,,,,,,,,,,,,,,,,,,,,,,,661.2073484169996,None,670.4442713090011,None,0,L,0,672.9292704260006,674.930105722,672.4483033920005,672.9625209780006,left,1,0.6050195959996927,672.4483033920005,None,,,,,,,,,,,,,,,,,,,,,,,,,,,,,D_PEU,1,Prac,FPCNB,2021_Sep_17_1311,nBack_prac,2021.1.4,59.99362891706495,
,0,0,0,0,1,0,1,0,,,,,,,,,,,,,,,,,,,,,,,,,,,,,,,,,,,,,,,,,,,,,,,1,B,0,675.430357778001,677.4313767130006,674.9500409240009,675.4637173179999,left,1,0.4910146399997757,674.9500409240009,None,,,,,,,,,,,,,,,,,,,,,,,,,,,,,D_PEU,1,Prac,FPCNB,2021_Sep_17_1311,nBack_prac,2021.1.4,59.99362891706495,
,0,0,0,0,2,0,2,0,,,,,,,,,,,,,,,,,,,,,,,,,,,,,,,,,,,,,,,,,,,,,,,2,X,1,677.9314553439999,679.9324776909998,677.4513813310004,677.9649057959996,right,1,0.4644986700004665,677.4513813310004,None,,,,,,,,,,,,,,,,,,,,,,,,,,,,,D_PEU,1,Prac,FPCNB,2021_Sep_17_1311,nBack_prac,2021.1.4,59.99362891706495,
,0,0,0,0,3,0,3,0,,,,,,,,,,,,,,,,,,,,,,,,,,,,,,,,,,,,,,,,,,,,,,,3,T,0,680.4327413080009,682.4338032779997,679.9513481610011,680.4661262179998,left,1,0.37448874400070054,679.9513481610011,None,,,,,,,,,,,,,,,,,,,,,,,,,,,,,D_PEU,1,Prac,FPCNB,2021_Sep_17_1311,nBack_prac,2021.1.4,59.99362891706495,
,0,0,0,0,4,0,4,0,,,,,,,,,,,,,,,,,,,,,,,,,,,,,,,,,,,,,,,,,,,,,,,4,X,1,682.9350133450007,684.9349109150007,682.4529792980011,682.9669475280007,right,1,0.42466951999995217,682.4529792980011,None,,,,,,,,,,,,,,,,,,,,,,,,,,,,,D_PEU,1,Prac,FPCNB,2021_Sep_17_1311,nBack_prac,2021.1.4,59.99362891706495,
,0,0,0,0,5,0,5,0,,,,,,,,,,,,,,,,,,,,,,,,,,,,,,,,,,,,,,,,,,,,,,,5,B,0,685.435164673001,687.436018710001,684.9545848270009,685.4684499710002,left,1,0.32389765799962333,684.9545848270009,None,,,,,,,,,,,,,,,,,,,,,,,,,,,,,D_PEU,1,Prac,FPCNB,2021_Sep_17_1311,nBack_prac,2021.1.4,59.99362891706495,
,0,0,0,0,6,0,6,0,,,,,,,,,,,,,,,,,,,,,,,,,,,,,,,,,,,,,,,,,,,,,,,6,B,0,687.9363721600002,689.9393221600003,687.454238155,687.9697330950003,left,1,0.35817061200032185,687.454238155,None,,,,,,,,,,,,,,,,,,,,,,,,,,,,,D_PEU,1,Prac,FPCNB,2021_Sep_17_1311,nBack_prac,2021.1.4,59.99362891706495,
,0,0,0,0,7,0,7,0,,,,,,,,,,,,,,,,,,,,,,,,,,,,,,,,,,,,,,,,,,,,,,,7,X,1,690.4374936969998,692.438551487001,689.9574212719999,690.470922165001,right,1,0.33073490999959176,689.9574212719999,None,,,,,,,,,,,,,,,,,,,,,,,,,,,,,D_PEU,1,Prac,FPCNB,2021_Sep_17_1311,nBack_prac,2021.1.4,59.99362891706495,
,0,0,0,0,8,0,8,0,,,,,,,,,,,,,,,,,,,,,,,,,,,,,,,,,,,,,,,,,,,,,,,8,P,0,692.9386156119999,694.9396565740008,692.4572828370001,692.971974307,left,1,0.6496911869999167,692.4572828370001,None,,,,,,,,,,,,,,,,,,,,,,,,,,,,,D_PEU,1,Prac,FPCNB,2021_Sep_17_1311,nBack_prac,2021.1.4,59.99362891706495,
,0,0,0,0,9,0,9,0,,,,,,,,,,,,,,,,,,,,,,,,,,,,,,,,,,,,,,,,,,,,,,,9,X,1,695.4395903479999,697.4408023960004,694.9576258460002,695.4733034420005,right,1,0.4294556200002262,694.9576258460002,None,,,,,,,,,,,,,,,,,,,,,,,,,,,,,D_PEU,1,Prac,FPCNB,2021_Sep_17_1311,nBack_prac,2021.1.4,59.99362891706495,
,0,0,0,0,10,0,10,0,,,,,,,,,,,,,,,,,,,,,,,,,,,,,,,,,,,,,,,,,,,,,,,10,L,0,697.941076956,699.9419971940006,697.4601766060005,697.9743858660004,left,1,0.35664036300113366,697.4601766060005,None,,,,,,,,,,,,,,,,,,,,,,,,,,,,,D_PEU,1,Prac,FPCNB,2021_Sep_17_1311,nBack_prac,2021.1.4,59.99362891706495,
,0,0,0,0,11,0,11,0,,,,,,,,,,,,,,,,,,,,,,,,,,,,,,,,,,,,,,,,,,,,,,,11,N,0,700.4424013749995,702.443058324001,699.9612989739999,700.4757901440007,left,1,0.47426181199989514,699.9612989739999,None,,,,,,,,,,,,,,,,,,,,,,,,,,,,,D_PEU,1,Prac,FPCNB,2021_Sep_17_1311,nBack_prac,2021.1.4,59.99362891706495,
,0,0,0,0,12,0,12,0,,,,,,,,,,,,,,,,,,,,,,,,,,,,,,,,,,,,,,,,,,,,,,,12,X,1,702.9434220610001,704.9444246530002,702.4593732890007,702.9599750710004,right,1,0.3679651870006637,702.4593732890007,None,,,,,,,,,,,,,,,,,,,,,,,,,,,,,D_PEU,1,Prac,FPCNB,2021_Sep_17_1311,nBack_prac,2021.1.4,59.99362891706495,
,0,0,0,0,13,0,13,0,,,,,,,,,,,,,,,,,,,,,,,,,,,,,,,,,,,,,,,,,,,,,,,13,B,0,705.4446022810007,None,704.9621145090005,705.4610744290003,left,1,0.4102697519992944,704.9621145090005,None,,,,,,,,,,,,,,,,,,,,,,,,,,,,,D_PEU,1,Prac,FPCNB,2021_Sep_17_1311,nBack_prac,2021.1.4,59.99362891706495,
,0,0,0,0,14,0,14,0,,,,,,,,,,,,,,,,,,,,,,,,,,,,,,,,,,,,,,,,,,,,,,,14,T,0,707.9291601710011,709.9300664410002,707.4481911309995,707.9624497090008,left,1,0.35197916200013424,707.4481911309995,None,,,,,,,,,,,,,,,,,,,,,,,,,,,,,D_PEU,1,Prac,FPCNB,2021_Sep_17_1311,nBack_prac,2021.1.4,59.99362891706495,
,0,0,0,0,15,0,15,0,,,,,,,,,,,,,,,,,,,,,,,,,,,,,,,,,,,,,,,,,,,,,,,15,P,0,710.4302872810003,712.4312994249995,709.9478438229999,710.4469839980011,left,1,0.3473856529999466,709.9478438229999,None,,,,,,,,,,,,,,,,,,,,,,,,,,,,,D_PEU,1,Prac,FPCNB,2021_Sep_17_1311,nBack_prac,2021.1.4,59.99362891706495,
,0,0,0,0,16,0,16,0,,,,,,,,,,,,,,,,,,,,,,,,,,,,,,,,,,,,,,,,,,,,,,,16,F,0,712.9317388100008,714.9325009650001,712.4507742900005,712.9648785030004,left,1,0.3391121820004628,712.4507742900005,None,,,,,,,,,,,,,,,,,,,,,,,,,,,,,D_PEU,1,Prac,FPCNB,2021_Sep_17_1311,nBack_prac,2021.1.4,59.99362891706495,
,0,0,0,0,17,0,17,0,,,,,,,,,,,,,,,,,,,,,,,,,,,,,,,,,,,,,,,,,,,,,,,17,X,1,715.4327747700008,717.4336737600006,714.9504751620007,715.4659324879995,right,1,0.31718472200009273,714.9504751620007,None,,,,,,,,,,,,,,,,,,,,,,,,,,,,,D_PEU,1,Prac,FPCNB,2021_Sep_17_1311,nBack_prac,2021.1.4,59.99362891706495,
,0,0,0,0,,,,,,,,,,,,,,,,,,,,,,,,,,,,,,,,,,,,,,,,,,,,,,,,,,,,,,,,,,,,,,,1,717.4680741699995,None,space,2.133933019000324,717.4680741699995,None,,,,,,,,,,,,,,,,,,,,,,D_PEU,1,Prac,FPCNB,2021_Sep_17_1311,nBack_prac,2021.1.4,59.99362891706495,
1,,,,,,,,,0,0,0,0,0,0,0,0,0,0,0,0,,,,,,,,,,,,,,,,,,,,,,,,,,,,,,,,,722.5690285920009,None,0,N,0,,,,,,,,,,,,,,,,,719.6852933139999,None,725.0541109740007,727.0549533430003,724.5735548110006,725.087201407001,left,1,0.5998365359992022,724.5735548110006,None,,,,,,,,,,,D_PEU,1,Prac,FPCNB,2021_Sep_17_1311,nBack_prac,2021.1.4,59.99362891706495,
1,,,,,,,,,0,0,0,0,0,0,0,0,1,0,1,0,,,,,,,,,,,,,,,,,,,,,,,,,,,,,,,,,,,1,P,0,,,,,,,,,,,,,,,,,,,727.55502041,729.5559872169997,727.0748481930004,727.5884387730002,left,1,0.459514696000042,727.0748481930004,None,,,,,,,,,,,D_PEU,1,Prac,FPCNB,2021_Sep_17_1311,nBack_prac,2021.1.4,59.99362891706495,
1,,,,,,,,,0,0,0,0,0,0,0,0,2,0,2,0,,,,,,,,,,,,,,,,,,,,,,,,,,,,,,,,,,,2,G,0,,,,,,,,,,,,,,,,,,,730.0563108210008,732.0572576060003,729.5758280410009,730.0896769490009,left,1,0.4552749779995793,729.5758280410009,None,,,,,,,,,,,D_PEU,1,Prac,FPCNB,2021_Sep_17_1311,nBack_prac,2021.1.4,59.99362891706495,
1,,,,,,,,,0,0,0,0,0,0,0,0,3,0,3,0,,,,,,,,,,,,,,,,,,,,,,,,,,,,,,,,,,,3,G,1,,,,,,,,,,,,,,,,,,,732.5574177010003,734.5584206759995,732.0739328090003,732.5741870530001,right,1,0.4430828169988672,732.0739328090003,None,,,,,,,,,,,D_PEU,1,Prac,FPCNB,2021_Sep_17_1311,nBack_prac,2021.1.4,59.99362891706495,
1,,,,,,,,,0,0,0,0,0,0,0,0,4,0,4,0,,,,,,,,,,,,,,,,,,,,,,,,,,,,,,,,,,,4,B,0,,,,,,,,,,,,,,,,,,,735.0587117960004,737.0594310460001,734.5780702610009,735.0919960330011,left,1,0.32484475699857285,734.5780702610009,None,,,,,,,,,,,D_PEU,1,Prac,FPCNB,2021_Sep_17_1311,nBack_prac,2021.1.4,59.99362891706495,
1,,,,,,,,,0,0,0,0,0,0,0,0,5,0,5,0,,,,,,,,,,,,,,,,,,,,,,,,,,,,,,,,,,,5,P,0,,,,,,,,,,,,,,,,,,,737.5600249070012,739.560734572,737.0789546579999,737.5932752900007,left,1,0.41465628599871707,737.0789546579999,None,,,,,,,,,,,D_PEU,1,Prac,FPCNB,2021_Sep_17_1311,nBack_prac,2021.1.4,59.99362891706495,
1,,,,,,,,,0,0,0,0,0,0,0,0,6,0,6,0,,,,,,,,,,,,,,,,,,,,,,,,,,,,,,,,,,,6,N,0,,,,,,,,,,,,,,,,,,,740.0610240300011,742.061889038001,739.5793714419997,740.0943043019997,left,1,0.36710687399863673,739.5793714419997,None,,,,,,,,,,,D_PEU,1,Prac,FPCNB,2021_Sep_17_1311,nBack_prac,2021.1.4,59.99362891706495,
1,,,,,,,,,0,0,0,0,0,0,0,0,7,0,7,0,,,,,,,,,,,,,,,,,,,,,,,,,,,,,,,,,,,7,N,1,,,,,,,,,,,,,,,,,,,742.5622714420006,744.5630783150009,742.0815035899996,742.5955821999996,right,1,0.41481856000064,742.0815035899996,None,,,,,,,,,,,D_PEU,1,Prac,FPCNB,2021_Sep_17_1311,nBack_prac,2021.1.4,59.99362891706495,
1,,,,,,,,,0,0,0,0,0,0,0,0,8,0,8,0,,,,,,,,,,,,,,,,,,,,,,,,,,,,,,,,,,,8,C,0,,,,,,,,,,,,,,,,,,,745.0633625850005,747.0643349069996,744.5831922369998,745.0968175199996,left,1,0.2970260199999757,744.5831922369998,None,,,,,,,,,,,D_PEU,1,Prac,FPCNB,2021_Sep_17_1311,nBack_prac,2021.1.4,59.99362891706495,
1,,,,,,,,,0,0,0,0,0,0,0,0,9,0,9,0,,,,,,,,,,,,,,,,,,,,,,,,,,,,,,,,,,,9,C,1,,,,,,,,,,,,,,,,,,,747.5646095419997,749.5654996490011,747.0839331750012,747.5978877689995,right,1,0.37738811999952304,747.0839331750012,None,,,,,,,,,,,D_PEU,1,Prac,FPCNB,2021_Sep_17_1311,nBack_prac,2021.1.4,59.99362891706495,
1,,,,,,,,,0,0,0,0,0,0,0,0,10,0,10,0,,,,,,,,,,,,,,,,,,,,,,,,,,,,,,,,,,,10,G,0,,,,,,,,,,,,,,,,,,,750.0658254190002,752.0666780909996,749.5837989390002,750.0991112770007,left,1,0.37507368399928964,749.5837989390002,None,,,,,,,,,,,D_PEU,1,Prac,FPCNB,2021_Sep_17_1311,nBack_prac,2021.1.4,59.99362891706495,
1,,,,,,,,,0,0,0,0,0,0,0,0,11,0,11,0,,,,,,,,,,,,,,,,,,,,,,,,,,,,,,,,,,,11,P,0,,,,,,,,,,,,,,,,,,,752.5669820790008,754.567923306,752.0849222670004,752.6002656510009,left,1,0.2939604919993144,752.0849222670004,None,,,,,,,,,,,D_PEU,1,Prac,FPCNB,2021_Sep_17_1311,nBack_prac,2021.1.4,59.99362891706495,
1,,,,,,,,,0,0,0,0,0,0,0,0,12,0,12,0,,,,,,,,,,,,,,,,,,,,,,,,,,,,,,,,,,,12,P,1,,,,,,,,,,,,,,,,,,,755.0677704360005,None,754.5865154340008,755.1015273490011,right,1,0.47218210300161445,754.5865154340008,None,,,,,,,,,,,D_PEU,1,Prac,FPCNB,2021_Sep_17_1311,nBack_prac,2021.1.4,59.99362891706495,
1,,,,,,,,,0,0,0,0,0,0,0,0,13,0,13,0,,,,,,,,,,,,,,,,,,,,,,,,,,,,,,,,,,,13,F,0,,,,,,,,,,,,,,,,,,,757.5527502710011,759.5535878459996,757.0722414339998,757.585955808001,left,1,0.35628792799980147,757.0722414339998,None,,,,,,,,,,,D_PEU,1,Prac,FPCNB,2021_Sep_17_1311,nBack_prac,2021.1.4,59.99362891706495,
1,,,,,,,,,0,0,0,0,0,0,0,0,14,0,14,0,,,,,,,,,,,,,,,,,,,,,,,,,,,,,,,,,,,14,F,1,,,,,,,,,,,,,,,,,,,760.0539758880004,762.0547541880005,759.573028226001,760.0875119100001,right,1,0.5152478960008011,759.573028226001,None,,,,,,,,,,,D_PEU,1,Prac,FPCNB,2021_Sep_17_1311,nBack_prac,2021.1.4,59.99362891706495,
1,,,,,,,,,0,0,0,0,0,0,0,0,15,0,15,0,,,,,,,,,,,,,,,,,,,,,,,,,,,,,,,,,,,15,N,0,,,,,,,,,,,,,,,,,,,762.5551954980001,764.5561130130009,762.0730255140006,762.588387578,left,1,0.4411875420009892,762.0730255140006,None,,,,,,,,,,,D_PEU,1,Prac,FPCNB,2021_Sep_17_1311,nBack_prac,2021.1.4,59.99362891706495,
1,,,,,,,,,0,0,0,0,0,0,0,0,16,0,16,0,,,,,,,,,,,,,,,,,,,,,,,,,,,,,,,,,,,16,N,1,,,,,,,,,,,,,,,,,,,765.0562702980005,767.0571323530003,764.5727463000003,765.0729007850005,right,1,0.601217674999134,764.5727463000003,None,,,,,,,,,,,D_PEU,1,Prac,FPCNB,2021_Sep_17_1311,nBack_prac,2021.1.4,59.99362891706495,
1,,,,,,,,,0,0,0,0,0,0,0,0,17,0,17,0,,,,,,,,,,,,,,,,,,,,,,,,,,,,,,,,,,,17,C,0,,,,,,,,,,,,,,,,,,,767.5570671010009,769.558387037001,767.0763283899996,767.5907191599999,left,1,0.46373750400016434,767.0763283899996,None,,,,,,,,,,,D_PEU,1,Prac,FPCNB,2021_Sep_17_1311,nBack_prac,2021.1.4,59.99362891706495,
1,,,,,,,,,0,0,0,0,0,0,0,0,,,,,,,,,,,,,,,,,,,,,,,,,,,,,,,,,,,,,,,,,,,,,,,,,,,,,,,,,,,,,,,,,,,,,769.5923042490012,None,space,1.6575123299990082,769.5923042490012,None,,,,,D_PEU,1,Prac,FPCNB,2021_Sep_17_1311,nBack_prac,2021.1.4,59.99362891706495,
1,,,,,,,,,0,0,0,0,,,,,,,,,,,,,,,,,,,,,,,,,,,,,,,,,,,,,,,,,,,,,,,,,,,,,,,,,,,,,,,,,,,,,,,,,,,,,,,,,,,D_PEU,1,Prac,FPCNB,2021_Sep_17_1311,nBack_prac,2021.1.4,59.99362891706495,
2,,,,,,,,,0,1,1,1,0,0,0,0,0,0,0,0,,,,,,,,,,,,,,,,,,,,,,,,,,,,,,,,,776.7447397390006,None,0,D,0,,,,,,,,,,,,,,,,,771.3096862290004,None,779.2296263919998,781.230471248,778.7478491790007,779.2628590490003,left,1,0.30007806200046616,778.7478491790007,None,,,,,,,,,,,D_PEU,1,Prac,FPCNB,2021_Sep_17_1311,nBack_prac,2021.1.4,59.99362891706495,
2,,,,,,,,,0,1,1,1,0,0,0,0,1,0,1,0,,,,,,,,,,,,,,,,,,,,,,,,,,,,,,,,,,,1,T,0,,,,,,,,,,,,,,,,,,,781.7311644410001,783.7317866040012,781.2497611520012,781.7640298380011,left,1,0.5141022739990149,781.2497611520012,None,,,,,,,,,,,D_PEU,1,Prac,FPCNB,2021_Sep_17_1311,nBack_prac,2021.1.4,59.99362891706495,
2,,,,,,,,,0,1,1,1,0,0,0,0,2,0,2,0,,,,,,,,,,,,,,,,,,,,,,,,,,,,,,,,,,,2,D,1,,,,,,,,,,,,,,,,,,,784.2318788579996,786.2329020960005,783.7499107610001,784.2652762939997,right,1,0.6687904450009228,783.7499107610001,None,,,,,,,,,,,D_PEU,1,Prac,FPCNB,2021_Sep_17_1311,nBack_prac,2021.1.4,59.99362891706495,
2,,,,,,,,,0,1,1,1,0,0,0,0,3,0,3,0,,,,,,,,,,,,,,,,,,,,,,,,,,,,,,,,,,,3,N,0,,,,,,,,,,,,,,,,,,,786.7332639230008,788.734282673,786.2512980930005,786.7666502310003,left,1,0.8212387229996239,786.2512980930005,None,,,,,,,,,,,D_PEU,1,Prac,FPCNB,2021_Sep_17_1311,nBack_prac,2021.1.4,59.99362891706495,
2,,,,,,,,,0,1,1,1,0,0,0,0,4,0,4,0,,,,,,,,,,,,,,,,,,,,,,,,,,,,,,,,,,,4,T,0,,,,,,,,,,,,,,,,,,,789.2343792680003,791.2352295609999,788.753011533001,789.2676743510001,right,0,1.2842086079999717,788.753011533001,None,,,,,,,,,,,D_PEU,1,Prac,FPCNB,2021_Sep_17_1311,nBack_prac,2021.1.4,59.99362891706495,
2,,,,,,,,,0,1,1,1,0,0,0,0,5,0,5,0,,,,,,,,,,,,,,,,,,,,,,,,,,,,,,,,,,,5,L,0,,,,,,,,,,,,,,,,,,,791.7355345510005,793.7368759190012,791.2548892129998,791.7688784729999,left,1,0.8774778679999145,791.2548892129998,None,,,,,,,,,,,D_PEU,1,Prac,FPCNB,2021_Sep_17_1311,nBack_prac,2021.1.4,59.99362891706495,
2,,,,,,,,,0,1,1,1,0,0,0,0,6,0,6,0,,,,,,,,,,,,,,,,,,,,,,,,,,,,,,,,,,,6,G,0,,,,,,,,,,,,,,,,,,,794.236743757001,796.237591305,793.755380947001,794.2700746129995,left,1,0.9175954919992364,793.755380947001,None,,,,,,,,,,,D_PEU,1,Prac,FPCNB,2021_Sep_17_1311,nBack_prac,2021.1.4,59.99362891706495,
2,,,,,,,,,0,1,1,1,0,0,0,0,7,0,7,0,,,,,,,,,,,,,,,,,,,,,,,,,,,,,,,,,,,7,L,1,,,,,,,,,,,,,,,,,,,796.7383701760009,798.7387993850007,796.255728645001,796.7547064850005,right,1,1.1312572679998993,796.255728645001,None,,,,,,,,,,,D_PEU,1,Prac,FPCNB,2021_Sep_17_1311,nBack_prac,2021.1.4,59.99362891706495,
2,,,,,,,,,0,1,1,1,0,0,0,0,8,0,8,0,,,,,,,,,,,,,,,,,,,,,,,,,,,,,,,,,,,8,D,0,,,,,,,,,,,,,,,,,,,799.2390843770008,801.2399786170008,798.757337862,799.2725489799996,left,1,0.8513480279998475,798.757337862,None,,,,,,,,,,,D_PEU,1,Prac,FPCNB,2021_Sep_17_1311,nBack_prac,2021.1.4,59.99362891706495,
2,,,,,,,,,0,1,1,1,0,0,0,0,9,0,9,0,,,,,,,,,,,,,,,,,,,,,,,,,,,,,,,,,,,9,L,1,,,,,,,,,,,,,,,,,,,801.7402732560004,803.7411900139996,801.2580409800012,801.77367452,right,1,1.46056924199911,801.2580409800012,None,,,,,,,,,,,D_PEU,1,Prac,FPCNB,2021_Sep_17_1311,nBack_prac,2021.1.4,59.99362891706495,
2,,,,,,,,,0,1,1,1,0,0,0,0,10,0,10,0,,,,,,,,,,,,,,,,,,,,,,,,,,,,,,,,,,,10,N,0,,,,,,,,,,,,,,,,,,,804.2414689960005,806.2423533220008,803.7594477860002,804.2747943499999,left,1,0.8540047129990853,803.7594477860002,None,,,,,,,,,,,D_PEU,1,Prac,FPCNB,2021_Sep_17_1311,nBack_prac,2021.1.4,59.99362891706495,
2,,,,,,,,,0,1,1,1,0,0,0,0,11,0,11,0,,,,,,,,,,,,,,,,,,,,,,,,,,,,,,,,,,,11,P,0,,,,,,,,,,,,,,,,,,,806.7426735460012,808.743532851,806.2607963160008,806.7755303960002,left,1,0.5055786470002204,806.2607963160008,None,,,,,,,,,,,D_PEU,1,Prac,FPCNB,2021_Sep_17_1311,nBack_prac,2021.1.4,59.99362891706495,
2,,,,,,,,,0,1,1,1,0,0,0,0,12,0,12,0,,,,,,,,,,,,,,,,,,,,,,,,,,,,,,,,,,,12,N,1,,,,,,,,,,,,,,,,,,,809.2437799740001,811.2446676660002,808.7619006590012,809.2769717890005,right,1,1.243277522000426,808.7619006590012,None,,,,,,,,,,,D_PEU,1,Prac,FPCNB,2021_Sep_17_1311,nBack_prac,2021.1.4,59.99362891706495,
2,,,,,,,,,0,1,1,1,0,0,0,0,13,0,13,0,,,,,,,,,,,,,,,,,,,,,,,,,,,,,,,,,,,13,D,0,,,,,,,,,,,,,,,,,,,811.745009753,None,811.2633857210003,811.7782743759999,left,1,0.8036251430003176,811.2633857210003,None,,,,,,,,,,,D_PEU,1,Prac,FPCNB,2021_Sep_17_1311,nBack_prac,2021.1.4,59.99362891706495,
2,,,,,,,,,0,1,1,1,0,0,0,0,14,0,14,0,,,,,,,,,,,,,,,,,,,,,,,,,,,,,,,,,,,14,N,1,,,,,,,,,,,,,,,,,,,814.2295046729996,816.2304486680005,813.7473184089995,814.2634130280003,right,1,1.3657077480002044,813.7473184089995,None,,,,,,,,,,,D_PEU,1,Prac,FPCNB,2021_Sep_17_1311,nBack_prac,2021.1.4,59.99362891706495,
2,,,,,,,,,0,1,1,1,0,0,0,0,15,0,15,0,,,,,,,,,,,,,,,,,,,,,,,,,,,,,,,,,,,15,L,0,,,,,,,,,,,,,,,,,,,816.7308185029997,818.7315878829995,816.2494192350005,816.7640045810003,left,1,0.8103573970001889,816.2494192350005,None,,,,,,,,,,,D_PEU,1,Prac,FPCNB,2021_Sep_17_1311,nBack_prac,2021.1.4,59.99362891706495,
2,,,,,,,,,0,1,1,1,0,0,0,0,16,0,16,0,,,,,,,,,,,,,,,,,,,,,,,,,,,,,,,,,,,16,N,1,,,,,,,,,,,,,,,,,,,819.2319205799995,821.232763940001,818.7497908500009,819.265282073,right,1,0.77783777500008,818.7497908500009,None,,,,,,,,,,,D_PEU,1,Prac,FPCNB,2021_Sep_17_1311,nBack_prac,2021.1.4,59.99362891706495,
2,,,,,,,,,0,1,1,1,0,0,0,0,17,0,17,0,,,,,,,,,,,,,,,,,,,,,,,,,,,,,,,,,,,17,B,0,,,,,,,,,,,,,,,,,,,821.7332682420001,823.733998822001,821.251162302,821.769044300001,left,1,1.1032244130001345,821.251162302,None,,,,,,,,,,,D_PEU,1,Prac,FPCNB,2021_Sep_17_1311,nBack_prac,2021.1.4,59.99362891706495,
2,,,,,,,,,0,1,1,1,0,0,0,0,,,,,,,,,,,,,,,,,,,,,,,,,,,,,,,,,,,,,,,,,,,,,,,,,,,,,,,,,,,,,,,,,,,,,823.7674752399998,None,space,1.7248433620006836,823.7674752399998,None,,,,,D_PEU,1,Prac,FPCNB,2021_Sep_17_1311,nBack_prac,2021.1.4,59.99362891706495,
2,,,,,,,,,0,1,1,1,,,,,,,,,,,,,,,,,,,,,,,,,,,,,,,,,,,,,,,,,,,,,,,,,,,,,,,,,,,,,,,,,,,,,,,,,,,,,,,,,,,D_PEU,1,Prac,FPCNB,2021_Sep_17_1311,nBack_prac,2021.1.4,59.99362891706495,
,,,,,,,,,,,,,,,,,,,,,,,,,,,,,,,,,,,,,,,,,,,,,,,,,,,,,,,,,,,,,,,,,,,1,,,,,,,,,,,,,,,,,,,,,,,,825.5205472680009,None,1,1,,,,,,,,,
